ElementID, Easting, Northing,t=1,t=2,t=3,t=4,t=5,t=6,t=7,t=8,t=9,t=10,t=11,t=12,t=13,t=14,t=15,t=16,t=17,t=18,t=19,t=20,t=21,t=22,t=23,t=24,t=25,t=26,t=27,t=32,t=37,t=42,t=47,t=52,t=57,t=62,t=67,t=72,t=77,t=82,t=87,t=92,t=97,t=102,t=107
_ECON_193,4.032750e+05,6.446238e+06,-3.693833e-03,-2.419634e-02,-6.206914e-02,-1.194879e-01,-1.918668e-01,-2.729976e-01,-3.592310e-01,-4.485976e-01,-5.582306e-01,-7.028467e-01,-8.628679e-01,-1.023420e+00,-1.176384e+00,-1.324833e+00,-1.462180e+00,-1.565377e+00,-1.653950e+00,-1.738973e+00,-1.850186e+00,-2.001901e+00,-2.159571e+00,-2.313818e+00,-2.463204e+00,-2.616888e+00,-2.695574e+00,-2.703623e+00,-2.690875e+00,-2.412421e+00,-2.075924e+00,-1.838131e+00,-1.655154e+00,-1.507675e+00,-1.386304e+00,-1.284999e+00,-1.199587e+00,-1.126850e+00,-1.064366e+00,-1.010232e+00,-9.629377e-01,-9.213107e-01,-8.845602e-01,-8.508826e-01,-8.212790e-01
_ECON_194,4.026140e+05,6.448875e+06,-2.228293e-19,-3.135677e-13,-5.687659e-10,-2.891154e-08,-3.484112e-07,-2.036581e-06,-7.840962e-06,-2.307440e-05,-5.626109e-05,-1.195061e-04,-2.346157e-04,-4.494072e-04,-8.531871e-04,-1.567901e-03,-2.728231e-03,-4.461993e-03,-6.879264e-03,-1.006394e-02,-1.405028e-02,-1.884928e-02,-2.446885e-02,-3.090289e-02,-3.815873e-02,-4.625256e-02,-5.522094e-02,-6.513130e-02,-7.601183e-02,-1.425840e-01,-2.215550e-01,-3.060837e-01,-3.873842e-01,-4.585112e-01,-5.172221e-01,-5.641007e-01,-6.007333e-01,-6.288476e-01,-6.499970e-01,-6.654947e-01,-6.764184e-01,-6.836445e-01,-6.878832e-01,-6.892617e-01,-6.894588e-01
_ECON_195,4.026050e+05,6.448530e+06,-7.989723e-17,-6.657574e-11,-2.539555e-08,-5.939548e-07,-4.501442e-06,-1.934012e-05,-5.964138e-05,-1.478733e-04,-3.138285e-04,-6.018453e-04,-1.130407e-03,-2.153312e-03,-4.002910e-03,-6.990937e-03,-1.135164e-02,-1.723513e-02,-2.470866e-02,-3.370957e-02,-4.411921e-02,-5.585601e-02,-6.883999e-02,-8.303767e-02,-9.849005e-02,-1.152407e-01,-1.333331e-01,-1.527464e-01,-1.731313e-01,-2.737920e-01,-3.609854e-01,-4.373992e-01,-5.035350e-01,-5.585860e-01,-6.027161e-01,-6.370899e-01,-6.632031e-01,-6.825090e-01,-6.962745e-01,-7.055639e-01,-7.112455e-01,-7.140253e-01,-7.144774e-01,-7.129338e-01,-7.103465e-01
208028_ECON_162,4.025450e+05,6.454379e+06,4.713447e-34,9.337195e-33,1.183279e-30,1.626842e-25,2.626263e-22,4.141840e-20,1.722201e-18,3.102033e-17,3.186793e-16,2.611747e-15,1.154608e-14,3.578011e-14,8.261120e-14,1.157138e-13,-1.020473e-13,-1.457519e-12,-6.534603e-12,-2.179700e-11,-4.656275e-10,-1.267959e-06,-2.543579e-05,-1.406735e-04,-4.929284e-04,-1.370142e-03,-3.148667e-03,-6.137564e-03,-1.051982e-02,-5.427619e-02,-1.266353e-01,-2.033474e-01,-2.676284e-01,-3.172407e-01,-3.541854e-01,-3.811079e-01,-4.002761e-01,-4.135295e-01,-4.222889e-01,-4.276462e-01,-4.304345e-01,-4.312894e-01,-4.306938e-01,-4.290231e-01,-4.265453e-01
20810076_ECON_159,4.015070e+05,6.461390e+06,5.071184e-78,1.374703e-77,3.839631e-77,9.721585e-77,2.375668e-76,5.636614e-76,1.298390e-75,2.908952e-75,6.347627e-75,5.782219e-28,8.018478e-28,1.375462e-27,1.772165e-27,1.974500e-27,1.765234e-27,7.245660e-28,-1.251322e-27,-2.049263e-27,-4.267846e-27,-1.322845e-26,-4.025625e-26,-9.846489e-26,-9.400973e-26,7.222067e-25,5.863637e-24,2.842371e-23,1.106324e-22,1.543373e-15,3.248865e-13,8.792704e-12,7.708231e-12,-1.442751e-09,-1.776465e-08,-1.142061e-07,-5.008569e-07,-1.681137e-06,-4.620445e-06,-1.087684e-05,-2.264534e-05,-4.269935e-05,-7.424502e-05,-1.207236e-04,-1.855973e-04
209003_ECON_161,4.014480e+05,6.405679e+06,0.000000e+00,0.000000e+00,0.000000e+00,0.000000e+00,0.000000e+00,0.000000e+00,0.000000e+00,0.000000e+00,0.000000e+00,0.000000e+00,0.000000e+00,0.000000e+00,0.000000e+00,0.000000e+00,0.000000e+00,0.000000e+00,0.000000e+00,0.000000e+00,0.000000e+00,0.000000e+00,0.000000e+00,0.000000e+00,0.000000e+00,0.000000e+00,0.000000e+00,0.000000e+00,0.000000e+00,0.000000e+00,0.000000e+00,0.000000e+00,0.000000e+00,0.000000e+00,0.000000e+00,0.000000e+00,0.000000e+00,0.000000e+00,0.000000e+00,0.000000e+00,0.000000e+00,0.000000e+00,0.000000e+00,-1.693758e-25,-5.198157e-16
20910037_ECON_130,4.004950e+05,6.422793e+06,1.811082e-64,3.659553e-64,8.099573e-64,1.564296e-63,2.935903e-63,5.439157e-63,9.752756e-63,-7.263102e-18,-3.113500e-13,-5.858801e-10,-3.047899e-08,-3.723025e-07,-2.183358e-06,-8.323776e-06,-2.395673e-05,-5.676268e-05,-1.172318e-04,-2.183513e-04,-3.760588e-04,-6.082052e-04,-9.363440e-04,-1.385753e-03,-1.986061e-03,-2.768098e-03,-3.762636e-03,-4.996988e-03,-6.496842e-03,-1.844699e-02,-3.760555e-02,-6.181234e-02,-8.826898e-02,-1.147874e-01,-1.400092e-01,-1.632251e-01,-1.841467e-01,-2.027338e-01,-2.190810e-01,-2.333495e-01,-2.457274e-01,-2.564069e-01,-2.655729e-01,-2.733967e-01,-2.799682e-01
GW011316_ECON_18,3.984470e+05,6.434075e+06,-1.768842e-46,-5.734096e-46,3.234822e-45,6.552166e-44,-1.292265e-39,-1.735019e-35,-1.737732e-32,-2.249136e-24,2.807543e-20,3.615697e-16,5.452079e-14,1.341378e-12,1.305806e-11,7.371698e-11,2.922420e-10,9.058947e-10,-3.827106e-09,-1.646960e-08,-5.586000e-08,-1.526586e-07,-3.743697e-07,-8.138276e-07,-1.624723e-06,-3.032626e-06,-5.374530e-06,-9.056122e-06,-1.464418e-05,-1.031662e-04,-4.314787e-04,-1.266429e-03,-2.882115e-03,-5.454000e-03,-9.019217e-03,-1.349981e-02,-1.874813e-02,-2.458866e-02,-3.084622e-02,-3.736213e-02,-4.400101e-02,-5.065242e-02,-5.722935e-02,-6.366680e-02,-6.984273e-02
GW011769_ECON_67,4.024310e+05,6.458011e+06,1.261999e-47,4.940918e-46,-1.737672e-45,-1.207276e-43,-4.680018e-42,-1.231367e-37,-2.516354e-34,-8.326561e-32,-8.192048e-30,2.480412e-23,1.301937e-22,3.152931e-22,5.309905e-22,5.406088e-22,5.281460e-23,-2.606577e-22,4.986866e-21,3.678706e-20,1.403670e-19,3.649065e-19,5.481268e-19,1.605918e-18,3.089811e-16,9.475056e-15,1.185298e-13,8.628789e-13,4.414267e-12,-2.991932e-08,-1.485076e-06,-1.783171e-05,-9.899601e-05,-3.449251e-04,-8.843723e-04,-1.832487e-03,-3.259077e-03,-5.180647e-03,-7.569284e-03,-1.036774e-02,-1.350367e-02,-1.690047e-02,-2.048434e-02,-2.418900e-02,-2.795567e-02
GW022488_ECON_112,4.027210e+05,6.414346e+06,0.000000e+00,0.000000e+00,0.000000e+00,0.000000e+00,0.000000e+00,0.000000e+00,0.000000e+00,0.000000e+00,0.000000e+00,-1.236083e-44,-1.318327e-44,-1.954410e-44,-1.925374e-44,-1.601975e-44,-1.144499e-44,-3.357258e-45,-3.426112e-25,-6.356973e-25,-8.675590e-25,-3.869323e-25,7.953568e-25,3.790604e-24,8.332001e-24,1.159987e-23,4.269908e-24,-2.926848e-23,-1.486183e-22,-2.293687e-19,-5.797326e-17,-3.654691e-15,-9.407706e-14,-1.305999e-12,-1.157881e-11,-7.305761e-11,-3.529426e-10,-1.375350e-09,-4.494465e-09,-1.269190e-08,-3.171376e-08,-7.146594e-08,-1.474979e-07,-2.823592e-07,-1.634254e-06
GW023084_ECON_16,3.997730e+05,6.456199e+06,-9.107423e-65,-1.694035e-64,-3.561616e-64,-7.511815e-64,-2.390000e-63,-6.804797e-63,2.428591e-62,2.886672e-61,-1.320108e-57,4.499533e-22,1.416706e-21,3.011932e-21,4.572893e-21,4.359583e-21,4.860434e-22,-3.042170e-21,2.381692e-20,1.857377e-19,7.182483e-19,1.952943e-18,3.641172e-18,1.844430e-18,-2.153789e-17,-1.287883e-16,-5.031325e-16,-1.628593e-15,-4.682748e-15,-8.713246e-08,-3.140072e-06,-3.076146e-05,-1.490296e-04,-4.717910e-04,-1.128220e-03,-2.220875e-03,-3.802786e-03,-5.876864e-03,-8.407439e-03,-1.133471e-02,-1.458729e-02,-1.809140e-02,-2.177678e-02,-2.558162e-02,-2.944904e-02
GW024723_ECON_113,4.018290e+05,6.460592e+06,-1.362017e-51,-7.128860e-51,-7.110452e-51,1.375732e-49,-1.583813e-48,-7.976711e-47,-6.174331e-43,-1.514638e-39,-7.069938e-37,1.022281e-26,2.029037e-26,3.571697e-26,4.373012e-26,3.108975e-26,-1.773702e-26,-1.113074e-25,-2.354960e-25,-4.191032e-25,-7.275555e-25,-1.279103e-24,-1.547132e-24,4.812878e-24,6.491182e-23,3.979792e-21,2.206610e-19,5.071801e-18,6.263027e-17,1.840526e-13,1.462587e-11,9.106011e-11,-3.397150e-09,-5.471372e-08,-3.906392e-07,-1.787070e-06,-6.051496e-06,-1.645589e-05,-3.788709e-05,-7.662790e-05,-1.398445e-04,-2.349397e-04,-3.689283e-04,-5.479382e-04,-7.768683e-04
GW030964_ECON_108,4.016420e+05,6.460929e+06,-5.272694e-53,-3.522205e-52,-1.171804e-51,2.746214e-51,3.606063e-51,-1.435081e-48,-2.329320e-45,-9.833225e-42,-6.986495e-39,1.134314e-27,3.223820e-27,7.042159e-27,1.172644e-26,1.505751e-26,1.287057e-26,-2.041941e-28,-2.769036e-26,-7.203649e-26,-1.427698e-25,-2.639651e-25,-4.593188e-25,-3.929897e-25,2.700953e-24,6.719345e-23,4.277637e-21,1.322074e-19,2.062715e-18,2.055957e-14,2.592914e-12,3.649116e-11,-4.646799e-10,-1.195448e-08,-1.041509e-07,-5.475907e-07,-2.068788e-06,-6.157486e-06,-1.530247e-05,-3.305000e-05,-6.385563e-05,-1.127755e-04,-1.850800e-04,-2.858722e-04,-4.197607e-04
GW030965_ECON_111,4.019310e+05,6.460932e+06,-4.218821e-52,-2.440545e-51,-5.286043e-51,3.566165e-50,-2.105564e-49,-1.686482e-47,-7.284601e-44,-2.228873e-40,-1.234496e-37,5.644046e-27,1.376726e-26,2.675614e-26,3.856541e-26,3.960218e-26,1.610751e-26,-4.529784e-26,-1.460649e-25,-2.877021e-25,-4.782376e-25,-7.542557e-25,-1.014718e-24,7.100841e-25,1.824274e-23,8.105171e-22,5.090665e-20,1.327924e-18,1.807533e-17,7.483222e-14,7.559958e-12,1.120517e-10,-3.133456e-10,-1.548467e-08,-1.383520e-07,-7.171623e-07,-2.655824e-06,-7.751673e-06,-1.892568e-05,-4.023744e-05,-7.667183e-05,-1.337644e-04,-2.171639e-04,-3.322213e-04,-4.836534e-04
GW032846_ECON_22,3.994990e+05,6.420443e+06,0.000000e+00,0.000000e+00,0.000000e+00,0.000000e+00,0.000000e+00,0.000000e+00,0.000000e+00,0.000000e+00,0.000000e+00,8.329206e-37,8.200958e-37,1.160615e-36,9.992398e-37,6.113563e-37,1.155272e-37,-6.361102e-37,-4.818875e-11,-2.348691e-10,-9.232697e-10,-3.025685e-09,-8.697170e-09,-2.215258e-08,-5.113831e-08,-1.088202e-07,-2.164447e-07,-4.060787e-07,-7.246158e-07,-7.523863e-06,-4.190274e-05,-1.555041e-04,-4.322151e-04,-9.715824e-04,-1.864172e-03,-3.172973e-03,-4.926381e-03,-7.120591e-03,-9.726831e-03,-1.269973e-02,-1.598480e-02,-1.952429e-02,-2.326120e-02,-2.714198e-02,-3.111445e-02
GW032911_ECON_116,4.022720e+05,6.406827e+06,0.000000e+00,0.000000e+00,0.000000e+00,0.000000e+00,0.000000e+00,0.000000e+00,0.000000e+00,0.000000e+00,0.000000e+00,0.000000e+00,0.000000e+00,0.000000e+00,0.000000e+00,0.000000e+00,0.000000e+00,0.000000e+00,0.000000e+00,0.000000e+00,0.000000e+00,0.000000e+00,0.000000e+00,0.000000e+00,0.000000e+00,0.000000e+00,0.000000e+00,0.000000e+00,0.000000e+00,0.000000e+00,0.000000e+00,0.000000e+00,0.000000e+00,0.000000e+00,0.000000e+00,0.000000e+00,0.000000e+00,0.000000e+00,0.000000e+00,0.000000e+00,0.000000e+00,0.000000e+00,0.000000e+00,-1.650523e-24,3.647862e-15
GW047793_ECON_2,4.029360e+05,6.408343e+06,0.000000e+00,0.000000e+00,0.000000e+00,0.000000e+00,0.000000e+00,0.000000e+00,0.000000e+00,0.000000e+00,0.000000e+00,0.000000e+00,0.000000e+00,0.000000e+00,0.000000e+00,0.000000e+00,0.000000e+00,0.000000e+00,0.000000e+00,0.000000e+00,0.000000e+00,0.000000e+00,0.000000e+00,0.000000e+00,0.000000e+00,0.000000e+00,0.000000e+00,0.000000e+00,0.000000e+00,0.000000e+00,0.000000e+00,0.000000e+00,0.000000e+00,0.000000e+00,0.000000e+00,0.000000e+00,0.000000e+00,0.000000e+00,0.000000e+00,0.000000e+00,0.000000e+00,0.000000e+00,0.000000e+00,-1.110009e-23,-4.714932e-13
GW047870_ECON_120,3.998050e+05,6.434366e+06,-9.750217e-41,-9.057538e-40,-1.000572e-38,-1.898777e-34,-2.329413e-30,-1.450530e-27,-1.628157e-25,-6.232501e-24,-1.160412e-22,-4.691590e-19,5.115707e-18,7.166817e-16,2.111998e-14,2.652993e-13,1.935367e-12,9.744304e-12,-8.562839e-10,-3.439105e-09,-1.171674e-08,-3.384934e-08,-8.792658e-08,-2.037066e-07,-4.313041e-07,-8.489208e-07,-1.576261e-06,-2.777462e-06,-4.681176e-06,-3.884674e-05,-1.837939e-04,-5.973219e-04,-1.481254e-03,-3.012924e-03,-5.294155e-03,-8.340282e-03,-1.209689e-02,-1.646599e-02,-2.132942e-02,-2.656592e-02,-3.206160e-02,-3.771539e-02,-4.344117e-02,-4.916840e-02,-5.493473e-02
GW047921_ECON_119,4.038610e+05,6.456639e+06,-6.482396e-40,8.771366e-39,2.208699e-37,2.463248e-36,1.844324e-31,5.828269e-28,1.992990e-25,1.714468e-23,5.896158e-22,-3.066486e-19,-8.303314e-19,-8.374322e-19,3.376238e-18,2.178347e-17,6.985532e-17,1.328949e-16,-1.799121e-17,-1.497954e-15,-8.274217e-15,-3.275751e-14,-5.219036e-12,-5.977762e-10,-1.170150e-08,-9.517981e-08,-4.783544e-07,-1.794005e-06,-5.482171e-06,-2.196005e-04,-1.611309e-03,-5.604879e-03,-1.298947e-02,-2.342530e-02,-3.592413e-02,-4.944353e-02,-6.315454e-02,-7.648692e-02,-8.908955e-02,-1.007715e-01,-1.114509e-01,-1.211161e-01,-1.297988e-01,-1.375564e-01,-1.444555e-01
GW050402_ECON_182,4.031340e+05,6.420263e+06,0.000000e+00,0.000000e+00,0.000000e+00,0.000000e+00,0.000000e+00,0.000000e+00,0.000000e+00,0.000000e+00,0.000000e+00,2.773598e-37,3.080996e-37,4.715170e-37,5.040399e-37,4.922039e-37,4.799811e-37,4.312097e-37,-4.274945e-13,-3.514624e-12,-1.863653e-11,-7.776325e-11,-2.737915e-10,-8.390725e-10,-2.286344e-09,-5.638234e-09,-1.277909e-08,-2.696178e-08,-5.349821e-08,-8.347129e-07,-6.166665e-06,-2.848643e-05,-9.461803e-05,-2.464410e-04,-5.345280e-04,-1.008255e-03,-1.707232e-03,-2.656606e-03,-3.866209e-03,-5.332302e-03,-7.040549e-03,-8.969226e-03,-1.109212e-02,-1.338090e-02,-1.581446e-02
GW053390_ECON_20,4.002040e+05,6.457682e+06,-8.727013e-68,-1.984161e-67,-4.926759e-67,-1.113386e-66,-2.498826e-66,-5.631141e-66,-1.299646e-65,-3.069068e-65,-5.903683e-65,-3.974939e-24,-1.296917e-23,-2.612167e-23,-3.558593e-23,-2.283873e-23,3.731478e-23,1.665051e-22,3.892883e-22,9.165908e-22,2.727579e-21,9.134421e-21,2.827960e-20,7.182944e-20,1.277632e-19,3.131229e-20,-9.827019e-19,-5.595505e-18,-2.185748e-17,-4.973855e-10,-5.128464e-08,-1.024900e-06,-8.262448e-06,-3.837093e-05,-1.239418e-04,-3.107250e-04,-6.482643e-04,-1.179639e-03,-1.934694e-03,-2.927738e-03,-4.158600e-03,-5.615470e-03,-7.278271e-03,-9.122317e-03,-1.111942e-02
GW053451_ECON_117,3.998510e+05,6.456231e+06,-6.412818e-65,-1.220585e-64,-2.610231e-64,-5.294253e-64,-1.498836e-63,-4.780180e-63,6.387860e-63,1.913210e-61,-3.973421e-58,2.978387e-22,6.469395e-22,1.105394e-21,1.045982e-21,-3.194511e-22,-2.383332e-21,3.940015e-21,5.701335e-20,2.273047e-19,8.361843e-19,2.129771e-18,3.575001e-18,-1.535944e-19,-3.180694e-17,-1.671617e-16,-6.247252e-16,-1.973313e-15,-5.580737e-15,-1.029988e-07,-3.591815e-06,-3.444376e-05,-1.644074e-04,-5.147043e-04,-1.220064e-03,-2.384572e-03,-4.058969e-03,-6.241519e-03,-8.891044e-03,-1.194241e-02,-1.531964e-02,-1.894530e-02,-2.274646e-02,-2.665946e-02,-3.062631e-02
GW054253_ECON_19,4.032280e+05,6.413304e+06,0.000000e+00,0.000000e+00,0.000000e+00,0.000000e+00,0.000000e+00,0.000000e+00,0.000000e+00,0.000000e+00,0.000000e+00,0.000000e+00,0.000000e+00,0.000000e+00,0.000000e+00,0.000000e+00,0.000000e+00,0.000000e+00,0.000000e+00,0.000000e+00,0.000000e+00,0.000000e+00,0.000000e+00,0.000000e+00,0.000000e+00,0.000000e+00,0.000000e+00,0.000000e+00,0.000000e+00,0.000000e+00,0.000000e+00,0.000000e+00,0.000000e+00,0.000000e+00,0.000000e+00,0.000000e+00,0.000000e+00,0.000000e+00,0.000000e+00,0.000000e+00,0.000000e+00,0.000000e+00,0.000000e+00,1.118238e-20,-1.421069e-07
GW057663_ECON_115,4.018810e+05,6.460685e+06,-1.178967e-51,-6.096520e-51,-7.678834e-51,1.121403e-49,-1.182450e-48,-6.548239e-47,-4.760898e-43,-1.197494e-39,-5.699208e-37,9.147416e-27,1.972706e-26,3.605898e-26,4.706855e-26,3.919007e-26,-4.572560e-27,-9.618745e-26,-2.270014e-25,-4.180268e-25,-7.189933e-25,-1.227838e-24,-1.505929e-24,3.875178e-24,5.476689e-23,3.260532e-21,1.837015e-19,4.284521e-18,5.350711e-17,1.635098e-13,1.371134e-11,1.285887e-10,-2.089574e-09,-4.031731e-08,-3.035170e-07,-1.431244e-06,-4.953015e-06,-1.370183e-05,-3.199770e-05,-6.550302e-05,-1.207967e-04,-2.048013e-04,-3.242037e-04,-4.849734e-04,-6.920159e-04
GW063052_ECON_114,4.011830e+05,6.459539e+06,-9.859689e-52,-5.530235e-51,-1.057538e-50,8.768584e-50,-6.243582e-49,-4.279225e-47,-2.155789e-43,-6.260010e-40,-3.326818e-37,3.042895e-26,2.783605e-26,2.377698e-26,-2.215814e-26,-1.022163e-25,-1.790805e-25,-1.628849e-25,1.051595e-25,3.836805e-25,8.328575e-25,2.784554e-24,1.263541e-23,5.858192e-23,2.369697e-22,2.638231e-21,1.292382e-19,3.238126e-18,4.296361e-17,-8.749525e-14,-1.042627e-10,-6.416811e-09,-1.105687e-07,-8.965694e-07,-4.455800e-06,-1.577973e-05,-4.371358e-05,-1.007692e-04,-2.018014e-04,-3.621195e-04,-5.956797e-04,-9.137638e-04,-1.324263e-03,-1.831525e-03,-2.436502e-03
GW071556_ECON_51,3.998950e+05,6.446100e+06,-7.223425e-13,-4.126721e-08,-2.188833e-06,-1.942428e-05,-8.302052e-05,-2.436639e-04,-5.675497e-04,-1.127496e-03,-1.994308e-03,-3.234645e-03,-4.894749e-03,-7.027028e-03,-9.667275e-03,-1.285601e-02,-1.675605e-02,-2.170481e-02,-2.805273e-02,-3.604668e-02,-4.594112e-02,-5.802194e-02,-7.261932e-02,-8.988866e-02,-1.096178e-01,-1.314552e-01,-1.550549e-01,-1.800846e-01,-2.062795e-01,-3.460454e-01,-4.629763e-01,-5.324282e-01,-5.688282e-01,-5.856920e-01,-5.911500e-01,-5.898563e-01,-5.845384e-01,-5.768598e-01,-5.678577e-01,-5.581957e-01,-5.483027e-01,-5.384531e-01,-5.288242e-01,-5.200351e-01,-5.110007e-01
GW078141_ECON_27,4.014230e+05,6.426930e+06,2.136782e-59,7.543571e-59,3.529685e-58,1.352834e-57,-1.192655e-57,-1.076634e-55,-1.452959e-54,-1.245401e-02,-7.090015e-02,-1.572975e-01,-2.538227e-01,-3.444620e-01,-4.765559e-01,-6.278863e-01,-7.658020e-01,-9.246341e-01,-1.229382e+00,-1.536881e+00,-1.765963e+00,-1.962090e+00,-2.136424e+00,-2.274870e+00,-2.390074e+00,-2.485911e+00,-2.550815e+00,-2.619687e+00,-2.654376e+00,-2.577718e+00,-2.410965e+00,-2.239880e+00,-2.081945e+00,-1.942047e+00,-1.818525e+00,-1.709229e+00,-1.612360e+00,-1.525933e+00,-1.448282e+00,-1.378395e+00,-1.315150e+00,-1.257367e+00,-1.204460e+00,-1.156245e+00,-1.110131e+00
GW078143_ECON_23,4.048840e+05,6.445501e+06,-1.338861e-06,-1.369483e-04,-9.363978e-04,-3.074093e-03,-7.279235e-03,-1.412664e-02,-2.391915e-02,-3.673714e-02,-5.252120e-02,-7.117204e-02,-9.248447e-02,-1.160162e-01,-1.411069e-01,-1.671952e-01,-1.938684e-01,-2.207160e-01,-2.472940e-01,-2.731879e-01,-2.982100e-01,-3.235845e-01,-3.509905e-01,-3.804535e-01,-4.115104e-01,-4.437176e-01,-4.770378e-01,-5.115852e-01,-5.467656e-01,-7.048497e-01,-7.743825e-01,-7.927788e-01,-7.911339e-01,-7.797938e-01,-7.633514e-01,-7.443926e-01,-7.244825e-01,-7.045768e-01,-6.852317e-01,-6.667494e-01,-6.492687e-01,-6.328569e-01,-6.176747e-01,-6.034841e-01,-5.897649e-01
GW078171_ECON_139,4.011220e+05,6.444326e+06,-8.437406e-07,-1.164459e-04,-9.152803e-04,-3.128704e-03,-7.483691e-03,-1.451432e-02,-2.442044e-02,-3.716138e-02,-5.257892e-02,-7.062331e-02,-9.083287e-02,-1.131690e-01,-1.382742e-01,-1.715530e-01,-2.145399e-01,-2.633247e-01,-3.169666e-01,-3.791702e-01,-4.467268e-01,-5.211235e-01,-5.966243e-01,-6.672402e-01,-7.350018e-01,-8.005291e-01,-8.634665e-01,-9.245290e-01,-9.825637e-01,-1.182811e+00,-1.185136e+00,-1.139999e+00,-1.086033e+00,-1.032095e+00,-9.808691e-01,-9.336155e-01,-8.904262e-01,-8.512488e-01,-8.157915e-01,-7.837098e-01,-7.546330e-01,-7.282525e-01,-7.042949e-01,-6.829374e-01,-6.624744e-01
GW078172_ECON_175,4.011460e+05,6.444480e+06,-7.050421e-06,-3.767703e-04,-2.094709e-03,-6.088191e-03,-1.319219e-02,-2.380985e-02,-3.790905e-02,-5.524867e-02,-7.553884e-02,-9.864013e-02,-1.241375e-01,-1.516584e-01,-1.853541e-01,-2.350463e-01,-2.982546e-01,-3.661238e-01,-4.415970e-01,-5.295219e-01,-6.235661e-01,-7.258800e-01,-8.220257e-01,-9.065210e-01,-9.877348e-01,-1.065632e+00,-1.139466e+00,-1.209744e+00,-1.275039e+00,-1.446046e+00,-1.374306e+00,-1.283263e+00,-1.199866e+00,-1.125178e+00,-1.058747e+00,-9.999722e-01,-9.477778e-01,-9.014387e-01,-8.601988e-01,-8.233516e-01,-7.903217e-01,-7.606542e-01,-7.339120e-01,-7.099663e-01,-6.873875e-01
GW078436_ECON_59,3.998620e+05,6.446023e+06,-6.476741e-13,-3.806724e-08,-2.036541e-06,-1.817871e-05,-7.805649e-05,-2.299647e-04,-5.373905e-04,-1.070677e-03,-1.898750e-03,-3.086932e-03,-4.681469e-03,-6.733602e-03,-9.279651e-03,-1.235953e-02,-1.612745e-02,-2.090413e-02,-2.702732e-02,-3.473950e-02,-4.428928e-02,-5.595527e-02,-7.005940e-02,-8.675896e-02,-1.058649e-01,-1.270549e-01,-1.499986e-01,-1.743658e-01,-1.998992e-01,-3.366702e-01,-4.522566e-01,-5.218643e-01,-5.589375e-01,-5.765776e-01,-5.827917e-01,-5.821901e-01,-5.774900e-01,-5.703517e-01,-5.618172e-01,-5.525549e-01,-5.430010e-01,-5.334379e-01,-5.240503e-01,-5.153667e-01,-5.065275e-01
GW078759_ECON_37,4.006100e+05,6.419041e+06,0.000000e+00,0.000000e+00,0.000000e+00,0.000000e+00,0.000000e+00,0.000000e+00,0.000000e+00,0.000000e+00,0.000000e+00,4.949177e-38,5.857123e-38,9.296274e-38,1.078745e-37,1.183211e-37,1.326445e-37,1.456141e-37,2.159828e-16,-1.460951e-14,-1.432504e-13,-8.324118e-13,-3.715856e-12,-1.390040e-11,-4.528631e-11,-1.314080e-10,-3.452741e-10,-8.329244e-10,-1.866718e-09,-4.689863e-08,-4.850060e-07,-2.911070e-06,-1.201606e-05,-3.766560e-05,-9.582421e-05,-2.075143e-04,-3.962086e-04,-6.847382e-04,-1.092681e-03,-1.634705e-03,-2.319893e-03,-3.151849e-03,-4.129298e-03,-5.246945e-03,-6.497486e-03
GW079045_ECON_43,4.011690e+05,6.445223e+06,-8.770230e-04,-8.243319e-03,-2.295801e-02,-4.644266e-02,-7.764667e-02,-1.143523e-01,-1.551409e-01,-1.991162e-01,-2.462777e-01,-2.967955e-01,-3.478416e-01,-3.975520e-01,-5.413648e-01,-7.541825e-01,-9.384876e-01,-1.101530e+00,-1.361847e+00,-1.586507e+00,-1.939829e+00,-2.162379e+00,-2.252021e+00,-2.381544e+00,-2.509336e+00,-2.616106e+00,-2.730810e+00,-2.813604e+00,-2.878948e+00,-2.505338e+00,-2.058952e+00,-1.786104e+00,-1.589697e+00,-1.440728e+00,-1.320737e+00,-1.222265e+00,-1.139478e+00,-1.069114e+00,-1.008585e+00,-9.560611e-01,-9.101438e-01,-8.697094e-01,-8.339298e-01,-8.018403e-01,-7.727272e-01
GW079046_ECON_48,4.006520e+05,6.444553e+06,-1.375559e-07,-3.397467e-05,-2.964000e-04,-1.078216e-03,-2.717676e-03,-5.528366e-03,-9.727489e-03,-1.543751e-02,-2.271036e-02,-3.165535e-02,-4.204694e-02,-5.398334e-02,-6.749640e-02,-8.510974e-02,-1.093266e-01,-1.395768e-01,-1.746090e-01,-2.159885e-01,-2.636152e-01,-3.187799e-01,-3.784513e-01,-4.379035e-01,-4.964575e-01,-5.543142e-01,-6.109191e-01,-6.664177e-01,-7.205881e-01,-9.356823e-01,-9.875162e-01,-9.761605e-01,-9.469664e-01,-9.122659e-01,-8.767503e-01,-8.424771e-01,-8.100847e-01,-7.798853e-01,-7.519299e-01,-7.261219e-01,-7.023354e-01,-6.804337e-01,-6.602772e-01,-6.422547e-01,-6.246663e-01
GW079048_ECON_72,4.015320e+05,6.444000e+06,-1.731009e-06,-2.733363e-04,-1.951445e-03,-6.185412e-03,-1.399567e-02,-2.591946e-02,-4.189680e-02,-6.156726e-02,-8.449637e-02,-1.103270e-01,-1.387721e-01,-1.688096e-01,-1.995918e-01,-2.324841e-01,-2.688912e-01,-3.079566e-01,-3.486367e-01,-3.920577e-01,-4.377849e-01,-4.858456e-01,-5.350593e-01,-5.829232e-01,-6.294344e-01,-6.748760e-01,-7.190854e-01,-7.622982e-01,-8.046202e-01,-9.814950e-01,-1.041445e+00,-1.038682e+00,-1.010697e+00,-9.728649e-01,-9.322845e-01,-8.924034e-01,-8.546955e-01,-8.197595e-01,-7.877150e-01,-7.584453e-01,-7.317495e-01,-7.073963e-01,-6.851461e-01,-6.652522e-01,-6.461155e-01
GW079049_ECON_49,4.019440e+05,6.443867e+06,-2.071975e-05,-1.278947e-03,-6.501303e-03,-1.735057e-02,-3.507151e-02,-5.948845e-02,-8.954400e-02,-1.241146e-01,-1.623113e-01,-2.036193e-01,-2.472051e-01,-2.903421e-01,-3.314301e-01,-3.704843e-01,-4.086151e-01,-4.456414e-01,-4.806270e-01,-5.138283e-01,-5.464814e-01,-5.788391e-01,-6.109992e-01,-6.425904e-01,-6.734776e-01,-7.038634e-01,-7.340512e-01,-7.642225e-01,-7.943936e-01,-9.385559e-01,-1.008257e+00,-1.013996e+00,-9.897716e-01,-9.536112e-01,-9.140242e-01,-8.749139e-01,-8.379911e-01,-8.038596e-01,-7.726107e-01,-7.441171e-01,-7.181515e-01,-6.944759e-01,-6.728500e-01,-6.530344e-01,-6.343692e-01
GW079610_ECON_39,4.012280e+05,6.444142e+06,-1.768710e-07,-6.835748e-05,-6.817025e-04,-2.551982e-03,-6.403132e-03,-1.281626e-02,-2.205119e-02,-3.410606e-02,-4.883886e-02,-6.609552e-02,-8.569339e-02,-1.073266e-01,-1.308180e-01,-1.587685e-01,-1.928994e-01,-2.317502e-01,-2.742117e-01,-3.221729e-01,-3.743706e-01,-4.310413e-01,-4.900545e-01,-5.473958e-01,-6.032135e-01,-6.579050e-01,-7.109761e-01,-7.624887e-01,-8.124639e-01,-1.008484e+00,-1.054910e+00,-1.041614e+00,-1.009120e+00,-9.696507e-01,-9.289856e-01,-8.894947e-01,-8.523491e-01,-8.179242e-01,-7.863049e-01,-7.573677e-01,-7.309277e-01,-7.067668e-01,-6.846514e-01,-6.648938e-01,-6.458324e-01
GW079611_ECON_78,4.012540e+05,6.444173e+06,-3.282840e-07,-9.827055e-05,-8.943964e-04,-3.197570e-03,-7.799423e-03,-1.528780e-02,-2.586894e-02,-3.947238e-02,-5.589693e-02,-7.503288e-02,-9.640148e-02,-1.198950e-01,-1.453988e-01,-1.762788e-01,-2.141305e-01,-2.567281e-01,-3.030143e-01,-3.553735e-01,-4.119138e-01,-4.733180e-01,-5.365434e-01,-5.970183e-01,-6.555298e-01,-7.127151e-01,-7.679592e-01,-8.214043e-01,-8.730121e-01,-1.068219e+00,-1.102381e+00,-1.079579e+00,-1.040289e+00,-9.956923e-01,-9.510369e-01,-9.084745e-01,-8.688264e-01,-8.323904e-01,-7.991392e-01,-7.688511e-01,-7.412567e-01,-7.161244e-01,-6.932267e-01,-6.726619e-01,-6.530093e-01
GW079612_ECON_45,4.012800e+05,6.444204e+06,-5.982086e-07,-1.400707e-04,-1.166785e-03,-3.989708e-03,-9.467286e-03,-1.817972e-02,-3.026228e-02,-4.556505e-02,-6.382307e-02,-8.488788e-02,-1.082552e-01,-1.337299e-01,-1.614638e-01,-1.956235e-01,-2.375203e-01,-2.841056e-01,-3.345579e-01,-3.917481e-01,-4.530827e-01,-5.194949e-01,-5.869432e-01,-6.506606e-01,-7.119515e-01,-7.713509e-01,-8.285670e-01,-8.841445e-01,-9.372700e-01,-1.130297e+00,-1.150631e+00,-1.118157e+00,-1.071521e+00,-1.021773e+00,-9.730774e-01,-9.273892e-01,-8.852439e-01,-8.467943e-01,-8.118973e-01,-7.802475e-01,-7.515192e-01,-7.254343e-01,-7.017296e-01,-6.805678e-01,-6.602438e-01
GW079613_ECON_71,4.013060e+05,6.444235e+06,-1.069461e-06,-1.979175e-04,-1.513304e-03,-4.956770e-03,-1.145084e-02,-2.154988e-02,-3.529900e-02,-5.245806e-02,-7.269481e-02,-9.581686e-02,-1.213147e-01,-1.488656e-01,-1.790615e-01,-2.169421e-01,-2.633024e-01,-3.141564e-01,-3.691628e-01,-4.315984e-01,-4.980869e-01,-5.698179e-01,-6.415140e-01,-7.080416e-01,-7.720662e-01,-8.340009e-01,-8.932971e-01,-9.505687e-01,-1.005397e+00,-1.194350e+00,-1.199714e+00,-1.156878e+00,-1.102931e+00,-1.047842e+00,-9.950841e-01,-9.462362e-01,-9.015825e-01,-8.611159e-01,-8.245746e-01,-7.915668e-01,-7.617065e-01,-7.346760e-01,-7.101697e-01,-6.883113e-01,-6.673750e-01
GW079614_ECON_60,4.013320e+05,6.444235e+06,-1.370834e-06,-2.354389e-04,-1.732059e-03,-5.559045e-03,-1.267569e-02,-2.361714e-02,-3.837171e-02,-5.664414e-02,-7.806170e-02,-1.023962e-01,-1.291567e-01,-1.579053e-01,-1.893623e-01,-2.287322e-01,-2.765862e-01,-3.287094e-01,-3.849727e-01,-4.486783e-01,-5.162803e-01,-5.889743e-01,-6.611965e-01,-7.279264e-01,-7.920359e-01,-8.541264e-01,-9.136248e-01,-9.708863e-01,-1.025426e+00,-1.211742e+00,-1.213795e+00,-1.168301e+00,-1.112747e+00,-1.056053e+00,-1.002126e+00,-9.522577e-01,-9.068254e-01,-8.657008e-01,-8.286298e-01,-7.951801e-01,-7.649449e-01,-7.376128e-01,-7.128538e-01,-6.907661e-01,-6.696918e-01
GW079615_ECON_58,4.013660e+05,6.444296e+06,-3.422956e-06,-4.028629e-04,-2.593421e-03,-7.790275e-03,-1.703493e-02,-3.074561e-02,-4.870076e-02,-7.043130e-02,-9.545382e-02,-1.234810e-01,-1.540257e-01,-1.863432e-01,-2.227793e-01,-2.701669e-01,-3.271665e-01,-3.876669e-01,-4.535151e-01,-5.279772e-01,-6.061208e-01,-6.894669e-01,-7.693767e-01,-8.414009e-01,-9.105825e-01,-9.771425e-01,-1.040601e+00,-1.101315e+00,-1.158417e+00,-1.331801e+00,-1.302815e+00,-1.237277e+00,-1.168096e+00,-1.101682e+00,-1.040445e+00,-9.850018e-01,-9.351441e-01,-8.905024e-01,-8.505650e-01,-8.147549e-01,-7.825674e-01,-7.535944e-01,-7.274478e-01,-7.039803e-01,-6.818774e-01
GW079616_ECON_41,4.013040e+05,6.444389e+06,-6.322673e-06,-4.596559e-04,-2.741123e-03,-8.025666e-03,-1.731598e-02,-3.098841e-02,-4.881589e-02,-7.034694e-02,-9.512570e-02,-1.229039e-01,-1.532372e-01,-1.854066e-01,-2.242513e-01,-2.784084e-01,-3.439212e-01,-4.126067e-01,-4.891032e-01,-5.760630e-01,-6.672914e-01,-7.645359e-01,-8.547971e-01,-9.346225e-01,-1.011513e+00,-1.085091e+00,-1.155000e+00,-1.221399e+00,-1.282986e+00,-1.443580e+00,-1.378764e+00,-1.292001e+00,-1.209847e+00,-1.135037e+00,-1.067951e+00,-1.008246e+00,-9.551835e-01,-9.080047e-01,-8.660637e-01,-8.286059e-01,-7.950595e-01,-7.649422e-01,-7.378364e-01,-7.135802e-01,-6.907358e-01
GW079617_ECON_75,4.012070e+05,6.444274e+06,-7.887420e-07,-1.338267e-04,-1.081798e-03,-3.687496e-03,-8.760075e-03,-1.686155e-02,-2.815098e-02,-4.251976e-02,-5.974386e-02,-7.971490e-02,-1.019507e-01,-1.263255e-01,-1.534261e-01,-1.883811e-01,-2.324035e-01,-2.816501e-01,-3.354323e-01,-3.971985e-01,-4.636906e-01,-5.362079e-01,-6.094446e-01,-6.779342e-01,-7.436714e-01,-8.072183e-01,-8.682741e-01,-9.274989e-01,-9.837783e-01,-1.179379e+00,-1.185119e+00,-1.142539e+00,-1.089654e+00,-1.035973e+00,-9.846401e-01,-9.371054e-01,-8.935959e-01,-8.540934e-01,-8.183547e-01,-7.860239e-01,-7.567313e-01,-7.301668e-01,-7.060550e-01,-6.845297e-01,-6.639340e-01
GW079618_ECON_143,4.011750e+05,6.444265e+06,-5.549406e-07,-1.046034e-04,-8.897753e-04,-3.121218e-03,-7.554419e-03,-1.475040e-02,-2.491530e-02,-3.799754e-02,-5.382118e-02,-7.230920e-02,-9.300150e-02,-1.158301e-01,-1.411438e-01,-1.735459e-01,-2.145973e-01,-2.610559e-01,-3.119397e-01,-3.704293e-01,-4.337845e-01,-5.031419e-01,-5.739470e-01,-6.406242e-01,-7.048727e-01,-7.674288e-01,-8.276050e-01,-8.856662e-01,-9.413254e-01,-1.139984e+00,-1.154878e+00,-1.118128e+00,-1.069720e+00,-1.019242e+00,-9.704153e-01,-9.248751e-01,-8.829609e-01,-8.447619e-01,-8.100826e-01,-7.786304e-01,-7.500702e-01,-7.241217e-01,-7.005312e-01,-6.794445e-01,-6.591744e-01
GW079619_ECON_55,4.014440e+05,6.426228e+06,-1.337603e-59,-2.149099e-58,-9.495754e-58,1.009004e-57,8.425275e-56,1.441347e-54,4.373127e-53,-1.526688e-01,-3.328053e-01,-5.147196e-01,-5.877087e-01,-8.131949e-01,-1.071650e+00,-1.252398e+00,-1.329387e+00,-2.004002e+00,-2.541388e+00,-2.698732e+00,-2.815593e+00,-2.991726e+00,-3.062411e+00,-3.111839e+00,-3.165475e+00,-3.178943e+00,-3.204414e+00,-3.165635e+00,-3.092271e+00,-2.761865e+00,-2.488000e+00,-2.266006e+00,-2.080883e+00,-1.925960e+00,-1.793994e+00,-1.680170e+00,-1.580934e+00,-1.493512e+00,-1.415820e+00,-1.346327e+00,-1.283707e+00,-1.226915e+00,-1.175232e+00,-1.127970e+00,-1.082919e+00
GW079620_ECON_40,4.017000e+05,6.426741e+06,1.186488e-59,4.597363e-59,2.183173e-58,7.742947e-58,-1.858202e-57,-8.263518e-56,-1.171241e-54,-3.619265e-03,-3.008725e-02,-7.654164e-02,-1.355928e-01,-1.939759e-01,-2.729788e-01,-3.695168e-01,-4.671508e-01,-5.673178e-01,-7.424237e-01,-9.473869e-01,-1.124896e+00,-1.281435e+00,-1.425761e+00,-1.551307e+00,-1.660275e+00,-1.755905e+00,-1.831912e+00,-1.905792e+00,-1.960806e+00,-2.031028e+00,-1.978631e+00,-1.889876e+00,-1.792911e+00,-1.698661e+00,-1.610311e+00,-1.528851e+00,-1.454284e+00,-1.386064e+00,-1.323618e+00,-1.266426e+00,-1.213849e+00,-1.165348e+00,-1.120619e+00,-1.079281e+00,-1.040351e+00
GW079621_ECON_53,4.009320e+05,6.425503e+06,3.727906e-59,8.165773e-59,2.460795e-58,-1.810547e-58,-1.899154e-56,-2.201691e-55,7.646816e-54,-1.137911e-01,-2.864371e-01,-4.681195e-01,-5.733527e-01,-7.662070e-01,-1.021678e+00,-1.224973e+00,-1.334657e+00,-1.863928e+00,-2.438511e+00,-2.693162e+00,-2.836553e+00,-3.012337e+00,-3.114980e+00,-3.166997e+00,-3.216331e+00,-3.234640e+00,-3.251707e+00,-3.216956e+00,-3.144287e+00,-2.773093e+00,-2.472527e+00,-2.234974e+00,-2.043962e+00,-1.886498e+00,-1.754083e+00,-1.640944e+00,-1.542892e+00,-1.456970e+00,-1.380936e+00,-1.313064e+00,-1.252055e+00,-1.196904e+00,-1.146701e+00,-1.100682e+00,-1.057427e+00
GW079622_ECON_68,4.005170e+05,6.425167e+06,1.232625e-59,2.178907e-59,4.815073e-59,-4.074646e-59,-3.344716e-57,-3.823881e-56,5.406928e-55,-2.462267e-02,-8.789149e-02,-1.659186e-01,-2.365596e-01,-3.141726e-01,-4.305403e-01,-5.482182e-01,-6.414241e-01,-8.103027e-01,-1.086800e+00,-1.299002e+00,-1.441772e+00,-1.576979e+00,-1.697584e+00,-1.786046e+00,-1.862942e+00,-1.926649e+00,-1.980092e+00,-2.016678e+00,-2.027994e+00,-1.979004e+00,-1.874438e+00,-1.764758e+00,-1.661576e+00,-1.567894e+00,-1.483516e+00,-1.407625e+00,-1.339187e+00,-1.277254e+00,-1.220971e+00,-1.169606e+00,-1.122545e+00,-1.079285e+00,-1.039354e+00,-1.002310e+00,-9.676536e-01
GW079623_ECON_46,4.023300e+05,6.445171e+06,-7.143995e-01,-1.077468e+00,-1.717521e+00,-2.137913e+00,-2.415090e+00,-2.679740e+00,-2.915639e+00,-3.199287e+00,-3.531339e+00,-3.288753e+00,-3.162184e+00,-3.059562e+00,-3.162991e+00,-3.005186e+00,-2.810058e+00,-2.568045e+00,-2.623312e+00,-2.607994e+00,-2.385451e+00,-2.313745e+00,-2.272899e+00,-2.251587e+00,-2.245963e+00,-2.263882e+00,-2.291230e+00,-2.326088e+00,-2.355544e+00,-2.315607e+00,-2.061157e+00,-1.836408e+00,-1.651473e+00,-1.499880e+00,-1.374022e+00,-1.269042e+00,-1.180071e+00,-1.104338e+00,-1.039317e+00,-9.828746e-01,-9.336462e-01,-8.905823e-01,-8.526059e-01,-8.166620e-01,-7.863868e-01
GW079624_ECON_38,4.022910e+05,6.445382e+06,-3.878367e-01,-6.527492e-01,-1.061233e+00,-1.378385e+00,-1.609814e+00,-1.820953e+00,-2.011624e+00,-2.224070e+00,-2.466004e+00,-2.402354e+00,-2.352918e+00,-2.309020e+00,-2.392216e+00,-2.372682e+00,-2.316971e+00,-2.221196e+00,-2.293908e+00,-2.355101e+00,-2.304089e+00,-2.312539e+00,-2.323755e+00,-2.343286e+00,-2.376709e+00,-2.421497e+00,-2.473557e+00,-2.525792e+00,-2.569392e+00,-2.490031e+00,-2.155368e+00,-1.893503e+00,-1.689882e+00,-1.528524e+00,-1.396928e+00,-1.288115e+00,-1.196725e+00,-1.119165e+00,-1.052647e+00,-9.951341e-01,-9.451073e-01,-9.012174e-01,-8.624403e-01,-8.265595e-01,-7.955157e-01
GW079625_ECON_47,4.017650e+05,6.445512e+06,-2.346260e-03,-1.564789e-02,-3.877447e-02,-7.365452e-02,-1.172411e-01,-1.662192e-01,-2.190054e-01,-2.746865e-01,-3.337195e-01,-3.956024e-01,-4.552046e-01,-5.116823e-01,-7.004755e-01,-9.685177e-01,-1.179403e+00,-1.360686e+00,-1.680991e+00,-1.932465e+00,-2.220872e+00,-2.445823e+00,-2.535858e+00,-2.664306e+00,-2.795224e+00,-2.904882e+00,-3.022801e+00,-3.107636e+00,-3.171433e+00,-2.722404e+00,-2.201500e+00,-1.891251e+00,-1.672039e+00,-1.507791e+00,-1.376830e+00,-1.270110e+00,-1.180929e+00,-1.105521e+00,-1.040922e+00,-9.850756e-01,-9.364181e-01,-8.937065e-01,-8.559926e-01,-8.223712e-01,-7.917409e-01
GW079626_ECON_73,4.023210e+05,6.444431e+06,-4.841285e-02,-1.601225e-01,-3.080082e-01,-4.885866e-01,-6.670852e-01,-8.346123e-01,-9.933087e-01,-1.148026e+00,-1.307617e+00,-1.435746e+00,-1.506990e+00,-1.550284e+00,-1.588846e+00,-1.622629e+00,-1.631278e+00,-1.615660e+00,-1.598720e+00,-1.599384e+00,-1.590888e+00,-1.572073e+00,-1.558822e+00,-1.550523e+00,-1.548444e+00,-1.553622e+00,-1.565919e+00,-1.583875e+00,-1.606006e+00,-1.700568e+00,-1.639472e+00,-1.525712e+00,-1.409730e+00,-1.302826e+00,-1.209123e+00,-1.127651e+00,-1.057159e+00,-9.959416e-01,-9.425854e-01,-8.958296e-01,-8.546343e-01,-8.181526e-01,-7.856670e-01,-7.557858e-01,-7.296921e-01
GW079628_ECON_56,4.012580e+05,6.444570e+06,-4.556839e-05,-1.154118e-03,-4.940445e-03,-1.259277e-02,-2.497653e-02,-4.210757e-02,-6.351084e-02,-8.861779e-02,-1.169750e-01,-1.483679e-01,-1.823571e-01,-2.178210e-01,-2.706668e-01,-3.511815e-01,-4.431923e-01,-5.348356e-01,-6.444787e-01,-7.649920e-01,-8.931110e-01,-1.024943e+00,-1.133898e+00,-1.228357e+00,-1.320705e+00,-1.407448e+00,-1.489931e+00,-1.566301e+00,-1.634472e+00,-1.726484e+00,-1.567164e+00,-1.429194e+00,-1.315537e+00,-1.220078e+00,-1.138216e+00,-1.067750e+00,-1.006383e+00,-9.527491e-01,-9.056067e-01,-8.639095e-01,-8.268715e-01,-7.938673e-01,-7.643084e-01,-7.379679e-01,-7.133245e-01
GW079629_ECON_42,4.012910e+05,6.445088e+06,-1.751813e-03,-1.227290e-02,-3.107616e-02,-5.985415e-02,-9.644669e-02,-1.382228e-01,-1.838464e-01,-2.325101e-01,-2.845685e-01,-3.398727e-01,-3.944442e-01,-4.470093e-01,-6.340623e-01,-8.884293e-01,-1.079530e+00,-1.248324e+00,-1.561443e+00,-1.791360e+00,-2.179795e+00,-2.389839e+00,-2.444950e+00,-2.584478e+00,-2.715422e+00,-2.819594e+00,-2.939255e+00,-3.014450e+00,-3.074140e+00,-2.585476e+00,-2.114558e+00,-1.829041e+00,-1.624482e+00,-1.469598e+00,-1.345428e+00,-1.243644e+00,-1.158281e+00,-1.085862e+00,-1.023658e+00,-9.697595e-01,-9.227031e-01,-8.813433e-01,-8.447613e-01,-8.121728e-01,-7.823964e-01
GW079742_ECON_32,4.005970e+05,6.420147e+06,0.000000e+00,0.000000e+00,0.000000e+00,0.000000e+00,0.000000e+00,0.000000e+00,0.000000e+00,0.000000e+00,0.000000e+00,6.050897e-37,6.267438e-37,9.181554e-37,8.768051e-37,6.981399e-37,4.724816e-37,1.048664e-37,-1.275147e-11,-6.910528e-11,-2.926220e-10,-1.024831e-09,-3.119255e-09,-8.373331e-09,-2.025400e-08,-4.491893e-08,-9.267157e-08,-1.797129e-07,-3.304572e-07,-3.852094e-06,-2.327706e-05,-9.209727e-05,-2.697414e-04,-6.331867e-04,-1.259440e-03,-2.209258e-03,-3.518408e-03,-5.196668e-03,-7.231748e-03,-9.595196e-03,-1.224832e-02,-1.514721e-02,-1.824650e-02,-2.150198e-02,-2.488197e-02
GW079746_ECON_26,4.014450e+05,6.424619e+06,3.383494e-61,6.201034e-61,1.357918e-60,2.974075e-60,6.847504e-60,-1.366074e-59,-5.039423e-58,-7.035645e-07,-1.696968e-04,-1.390443e-03,-4.662331e-03,-1.053239e-02,-1.891785e-02,-3.023658e-02,-4.505808e-02,-6.323988e-02,-8.458443e-02,-1.114205e-01,-1.453653e-01,-1.850319e-01,-2.284528e-01,-2.742268e-01,-3.211669e-01,-3.681262e-01,-4.142538e-01,-4.588253e-01,-5.018756e-01,-6.745159e-01,-7.754232e-01,-8.281667e-01,-8.524969e-01,-8.600438e-01,-8.574942e-01,-8.488344e-01,-8.364577e-01,-8.218762e-01,-8.060426e-01,-7.895754e-01,-7.728865e-01,-7.562375e-01,-7.398043e-01,-7.237064e-01,-7.088769e-01
GW079749_ECON_30,4.019280e+05,6.426072e+06,5.898531e-60,2.141148e-59,1.008525e-58,3.895567e-58,-2.409990e-58,-3.029470e-56,-4.591301e-55,-1.344650e-03,-1.399773e-02,-3.939240e-02,-7.464362e-02,-1.123486e-01,-1.612231e-01,-2.225608e-01,-2.885353e-01,-3.562260e-01,-4.615793e-01,-5.936632e-01,-7.203352e-01,-8.373947e-01,-9.476918e-01,-1.048216e+00,-1.138558e+00,-1.220173e+00,-1.288926e+00,-1.354325e+00,-1.409686e+00,-1.532334e+00,-1.541843e+00,-1.506955e+00,-1.455886e+00,-1.399710e+00,-1.343342e+00,-1.288868e+00,-1.237228e+00,-1.188726e+00,-1.143326e+00,-1.100941e+00,-1.061389e+00,-1.024415e+00,-9.898371e-01,-9.574988e-01,-9.275737e-01
GW079750_ECON_69,4.021130e+05,6.425889e+06,1.645854e-60,4.645711e-60,1.931547e-59,8.185390e-59,1.791088e-58,-2.502995e-57,-5.114692e-56,-8.408734e-05,-2.544218e-03,-1.046238e-02,-2.459453e-02,-4.338502e-02,-6.682680e-02,-9.731233e-02,-1.340680e-01,-1.742703e-01,-2.242314e-01,-2.912157e-01,-3.685224e-01,-4.480541e-01,-5.278467e-01,-6.055910e-01,-6.796598e-01,-7.496910e-01,-8.149550e-01,-8.742516e-01,-9.297138e-01,-1.111320e+00,-1.184440e+00,-1.202402e+00,-1.193785e+00,-1.171506e+00,-1.142609e+00,-1.110724e+00,-1.077851e+00,-1.045151e+00,-1.013211e+00,-9.823658e-01,-9.528076e-01,-9.245775e-01,-8.976697e-01,-8.720837e-01,-8.484877e-01
GW079751_ECON_24,4.022690e+05,6.425890e+06,7.670434e-61,1.946286e-60,7.382147e-60,3.095457e-59,9.128426e-59,-5.177004e-58,-1.421181e-56,-1.044828e-05,-7.232878e-04,-3.972873e-03,-1.090893e-02,-2.156203e-02,-3.552334e-02,-5.395028e-02,-7.725000e-02,-1.043658e-01,-1.365457e-01,-1.781834e-01,-2.294040e-01,-2.859015e-01,-3.458051e-01,-4.063789e-01,-4.663531e-01,-5.249676e-01,-5.825274e-01,-6.349521e-01,-6.851175e-01,-8.769727e-01,-9.773380e-01,-1.022840e+00,-1.037867e+00,-1.035278e+00,-1.022670e+00,-1.004342e+00,-9.828248e-01,-9.597189e-01,-9.359614e-01,-9.121437e-01,-8.886668e-01,-8.657418e-01,-8.434857e-01,-8.220008e-01,-8.023690e-01
GW079752_ECON_34,4.015830e+05,6.426561e+06,-2.052612e-58,-1.272455e-57,-6.026629e-57,-8.259247e-57,2.851538e-55,5.274904e-54,6.755620e-53,-2.362386e-02,-9.754678e-02,-1.925426e-01,-2.843122e-01,-3.755171e-01,-5.152503e-01,-6.624719e-01,-7.828376e-01,-9.664970e-01,-1.300399e+00,-1.579278e+00,-1.763780e+00,-1.929860e+00,-2.076911e+00,-2.186002e+00,-2.278884e+00,-2.355580e+00,-2.409556e+00,-2.460118e+00,-2.475466e+00,-2.383198e+00,-2.231978e+00,-2.081226e+00,-1.942056e+00,-1.818222e+00,-1.708235e+00,-1.610516e+00,-1.523411e+00,-1.445318e+00,-1.374967e+00,-1.311346e+00,-1.253464e+00,-1.200543e+00,-1.152096e+00,-1.107590e+00,-1.065348e+00
GW079753_ECON_25,4.013190e+05,6.426805e+06,-2.111203e-58,-1.344905e-57,-6.387415e-57,-8.577492e-57,3.053776e-55,5.645928e-54,7.354459e-53,-5.119488e-02,-1.768295e-01,-3.252179e-01,-4.509075e-01,-5.886286e-01,-7.999591e-01,-1.004865e+00,-1.153602e+00,-1.459714e+00,-1.965273e+00,-2.321300e+00,-2.529487e+00,-2.725224e+00,-2.884663e+00,-2.988423e+00,-3.075301e+00,-3.138294e+00,-3.174256e+00,-3.204655e+00,-3.181513e+00,-2.912348e+00,-2.641199e+00,-2.409773e+00,-2.212140e+00,-2.045283e+00,-1.902405e+00,-1.778775e+00,-1.671009e+00,-1.576041e+00,-1.491603e+00,-1.416261e+00,-1.348506e+00,-1.286943e+00,-1.230915e+00,-1.180118e+00,-1.131720e+00
GW079754_ECON_70,4.011340e+05,6.426988e+06,-2.947285e-58,-1.853272e-57,-8.680804e-57,-1.003577e-56,4.415363e-55,7.997368e-54,1.039812e-52,-6.788444e-02,-2.177545e-01,-3.922270e-01,-5.332289e-01,-6.999245e-01,-9.474872e-01,-1.180668e+00,-1.344351e+00,-1.726904e+00,-2.310779e+00,-2.699277e+00,-2.926617e+00,-3.143854e+00,-3.313696e+00,-3.417652e+00,-3.502555e+00,-3.558660e+00,-3.591796e+00,-3.603163e+00,-3.557975e+00,-3.199883e+00,-2.860888e+00,-2.583201e+00,-2.353464e+00,-2.163018e+00,-2.002215e+00,-1.864803e+00,-1.746014e+00,-1.642045e+00,-1.550382e+00,-1.468923e+00,-1.395788e+00,-1.329911e+00,-1.270659e+00,-1.216638e+00,-1.164531e+00
GW079758_ECON_156,4.014970e+05,6.440788e+06,-2.533440e-13,-8.458207e-09,-4.138800e-07,-3.703053e-06,-1.633779e-05,-4.970651e-05,-1.199641e-04,-2.465978e-04,-4.505335e-04,-7.528399e-04,-1.172969e-03,-1.728831e-03,-2.435544e-03,-3.303443e-03,-4.337669e-03,-5.538572e-03,-6.902508e-03,-8.422216e-03,-1.011639e-02,-1.241480e-02,-1.563258e-02,-1.980479e-02,-2.483052e-02,-3.050139e-02,-3.657318e-02,-4.287917e-02,-4.937256e-02,-8.278153e-02,-1.049341e-01,-1.203846e-01,-1.337580e-01,-1.462916e-01,-1.581870e-01,-1.693846e-01,-1.797824e-01,-1.893042e-01,-1.979142e-01,-2.056139e-01,-2.124338e-01,-2.184235e-01,-2.236437e-01,-2.283230e-01,-2.321922e-01
GW079759_ECON_151,4.011760e+05,6.438783e+06,-2.752237e-24,2.389785e-20,-1.662325e-16,-1.930565e-13,-1.114854e-11,-1.834355e-10,-1.491897e-09,-7.799004e-09,-3.021417e-08,-9.424879e-08,-2.505644e-07,-5.851044e-07,-1.233859e-06,-2.394361e-06,-4.336123e-06,-7.407762e-06,-1.204054e-05,-1.874827e-05,-2.812289e-05,-4.082488e-05,-5.757242e-05,-7.914133e-05,-1.064392e-04,-1.406599e-04,-1.834303e-04,-2.368712e-04,-3.035469e-04,-9.366424e-04,-2.287829e-03,-4.430735e-03,-7.165613e-03,-1.026544e-02,-1.358451e-02,-1.704428e-02,-2.060175e-02,-2.422906e-02,-2.790351e-02,-3.160377e-02,-3.530897e-02,-3.899911e-02,-4.265570e-02,-4.624754e-02,-4.979583e-02
GW079760_ECON_145,3.998210e+05,6.445976e+06,-3.678938e-13,-2.811180e-08,-1.616162e-06,-1.497286e-05,-6.579310e-05,-1.969981e-04,-4.661503e-04,-9.383117e-04,-1.678474e-03,-2.748632e-03,-4.196408e-03,-6.069815e-03,-8.406356e-03,-1.124378e-02,-1.471497e-02,-1.910408e-02,-2.472494e-02,-3.181355e-02,-4.060604e-02,-5.136475e-02,-6.439337e-02,-7.986675e-02,-9.764701e-02,-1.174594e-01,-1.390116e-01,-1.619990e-01,-1.861684e-01,-3.169167e-01,-4.301947e-01,-5.005944e-01,-5.393768e-01,-5.588305e-01,-5.667265e-01,-5.676136e-01,-5.642142e-01,-5.582038e-01,-5.506454e-01,-5.422269e-01,-5.334031e-01,-5.244727e-01,-5.156347e-01,-5.074597e-01,-4.990606e-01
GW079761_ECON_137,3.999960e+05,6.443251e+06,-3.573856e-18,-5.041732e-13,-7.349258e-10,-3.571936e-08,-4.279927e-07,-2.506648e-06,-9.670500e-06,-2.847842e-05,-6.939333e-05,-1.466543e-04,-2.790192e-04,-4.869638e-04,-7.929776e-04,-1.220493e-03,-1.793122e-03,-2.535510e-03,-3.476444e-03,-4.650971e-03,-6.099015e-03,-7.862864e-03,-9.988104e-03,-1.252184e-02,-1.551443e-02,-1.900595e-02,-2.302440e-02,-2.759135e-02,-3.272172e-02,-6.642964e-02,-1.107021e-01,-1.577205e-01,-2.006512e-01,-2.369042e-01,-2.663949e-01,-2.899475e-01,-3.085395e-01,-3.230719e-01,-3.343117e-01,-3.428928e-01,-3.493283e-01,-3.540330e-01,-3.573398e-01,-3.596536e-01,-3.610258e-01
GW079762_ECON_136,3.999780e+05,6.446008e+06,-8.637663e-12,-1.520562e-07,-5.611969e-06,-4.159684e-05,-1.597970e-04,-4.362778e-04,-9.622338e-04,-1.829894e-03,-3.122187e-03,-4.913414e-03,-7.242971e-03,-1.017480e-02,-1.373357e-02,-1.798028e-02,-2.321353e-02,-2.994253e-02,-3.857713e-02,-4.935896e-02,-6.259977e-02,-7.864731e-02,-9.789731e-02,-1.203322e-01,-1.454481e-01,-1.727175e-01,-2.016698e-01,-2.318846e-01,-2.631014e-01,-4.235119e-01,-5.442982e-01,-6.072791e-01,-6.354527e-01,-6.446844e-01,-6.435682e-01,-6.367210e-01,-6.267097e-01,-6.150443e-01,-6.026308e-01,-5.900276e-01,-5.775798e-01,-5.654964e-01,-5.539034e-01,-5.433508e-01,-5.327332e-01
GW079763_ECON_176,3.999760e+05,6.446193e+06,-2.014451e-12,-7.177346e-08,-3.317182e-06,-2.744148e-05,-1.123438e-04,-3.200012e-04,-7.283866e-04,-1.420110e-03,-2.472638e-03,-3.955633e-03,-5.917142e-03,-8.412031e-03,-1.147259e-02,-1.514454e-02,-1.964273e-02,-2.538449e-02,-3.276158e-02,-4.202603e-02,-5.345861e-02,-6.737104e-02,-8.412792e-02,-1.038359e-01,-1.261541e-01,-1.506380e-01,-1.768872e-01,-2.045256e-01,-2.332638e-01,-3.839858e-01,-5.042727e-01,-5.715743e-01,-6.044695e-01,-6.178328e-01,-6.201436e-01,-6.161054e-01,-6.084221e-01,-5.987109e-01,-5.879659e-01,-5.768095e-01,-5.656328e-01,-5.546786e-01,-5.440963e-01,-5.343760e-01,-5.246425e-01
GW079764_ECON_158,4.000030e+05,6.446193e+06,-3.565593e-12,-9.741784e-08,-4.147519e-06,-3.293000e-05,-1.315420e-04,-3.684483e-04,-8.280367e-04,-1.597902e-03,-2.758606e-03,-4.380939e-03,-6.513626e-03,-9.212051e-03,-1.250635e-02,-1.644669e-02,-2.128226e-02,-2.747573e-02,-3.543534e-02,-4.541164e-02,-5.770021e-02,-7.262626e-02,-9.057256e-02,-1.116034e-01,-1.353053e-01,-1.611864e-01,-1.888119e-01,-2.177829e-01,-2.478154e-01,-4.038888e-01,-5.252441e-01,-5.909479e-01,-6.217767e-01,-6.332110e-01,-6.338493e-01,-6.283924e-01,-6.195060e-01,-6.087722e-01,-5.971536e-01,-5.852467e-01,-5.734214e-01,-5.619039e-01,-5.508297e-01,-5.407519e-01,-5.306341e-01
GW079767_ECON_177,3.999010e+05,6.445853e+06,-5.425710e-12,-1.108439e-07,-4.306701e-06,-3.287937e-05,-1.288969e-04,-3.573898e-04,-7.983371e-04,-1.534931e-03,-2.644222e-03,-4.196008e-03,-6.234019e-03,-8.816760e-03,-1.197331e-02,-1.575689e-02,-2.041153e-02,-2.637117e-02,-3.401172e-02,-4.357170e-02,-5.533816e-02,-6.962868e-02,-8.680908e-02,-1.069171e-01,-1.295836e-01,-1.543624e-01,-1.808249e-01,-2.085884e-01,-2.374278e-01,-3.876590e-01,-5.055767e-01,-5.707210e-01,-6.022281e-01,-6.147633e-01,-6.166042e-01,-6.123472e-01,-6.045747e-01,-5.948373e-01,-5.840758e-01,-5.728853e-01,-5.616438e-01,-5.505902e-01,-5.398776e-01,-5.301709e-01,-5.202036e-01
GW079768_ECON_138,3.999810e+05,6.446210e+06,-1.956785e-12,-7.084570e-08,-3.290421e-06,-2.728246e-05,-1.118306e-04,-3.187831e-04,-7.260016e-04,-1.416024e-03,-2.466283e-03,-3.946393e-03,-5.905026e-03,-8.395785e-03,-1.145161e-02,-1.511807e-02,-1.960948e-02,-2.534271e-02,-3.270954e-02,-4.196221e-02,-5.338112e-02,-6.727743e-02,-8.401649e-02,-1.037059e-01,-1.260090e-01,-1.504796e-01,-1.767139e-01,-2.043383e-01,-2.330698e-01,-3.837896e-01,-5.041580e-01,-5.715592e-01,-6.045282e-01,-6.179444e-01,-6.202883e-01,-6.162721e-01,-6.086029e-01,-5.989029e-01,-5.881679e-01,-5.770217e-01,-5.658564e-01,-5.549147e-01,-5.443455e-01,-5.346808e-01,-5.249115e-01
GW079769_ECON_140,3.999700e+05,6.446210e+06,-1.542406e-12,-6.249951e-08,-3.002554e-06,-2.531986e-05,-1.048402e-04,-3.009235e-04,-6.889187e-04,-1.349358e-03,-2.358379e-03,-3.784716e-03,-5.677465e-03,-8.089728e-03,-1.105510e-02,-1.461752e-02,-1.897867e-02,-2.453810e-02,-3.168046e-02,-4.065817e-02,-5.174628e-02,-6.524997e-02,-8.152705e-02,-1.006969e-01,-1.224555e-01,-1.463789e-01,-1.720713e-01,-1.991618e-01,-2.273766e-01,-3.759374e-01,-4.958095e-01,-5.637940e-01,-5.975672e-01,-6.117440e-01,-6.147507e-01,-6.113014e-01,-6.041137e-01,-5.948242e-01,-5.844406e-01,-5.735966e-01,-5.626926e-01,-5.519784e-01,-5.416080e-01,-5.322276e-01,-5.224935e-01
GW079771_ECON_74,4.002680e+05,6.445796e+06,-7.001459e-09,-6.484633e-06,-8.785123e-05,-3.950669e-04,-1.126507e-03,-2.498066e-03,-4.693212e-03,-7.841147e-03,-1.202128e-02,-1.717443e-02,-2.366913e-02,-3.115488e-02,-3.976352e-02,-5.016410e-02,-6.403012e-02,-8.237294e-02,-1.050274e-01,-1.323751e-01,-1.650855e-01,-2.038126e-01,-2.485038e-01,-2.966497e-01,-3.464696e-01,-3.970205e-01,-4.476920e-01,-4.982450e-01,-5.487030e-01,-7.725412e-01,-8.691536e-01,-8.861317e-01,-8.734504e-01,-8.499562e-01,-8.225372e-01,-7.944927e-01,-7.671047e-01,-7.410341e-01,-7.165228e-01,-6.936638e-01,-6.724334e-01,-6.527734e-01,-6.346008e-01,-6.184075e-01,-6.025190e-01
GW080054_ECON_149,4.028880e+05,6.446898e+06,-7.008923e-06,-6.136670e-04,-3.706126e-03,-1.091344e-02,-2.364019e-02,-4.243405e-02,-6.700230e-02,-9.672170e-02,-2.364829e-01,-4.953606e-01,-7.732005e-01,-1.055138e+00,-1.300932e+00,-1.553095e+00,-1.769784e+00,-1.857342e+00,-2.031513e+00,-2.170179e+00,-2.294027e+00,-2.530161e+00,-2.749486e+00,-2.966498e+00,-3.174008e+00,-3.363212e+00,-3.086542e+00,-2.854978e+00,-2.688078e+00,-2.274455e+00,-2.019771e+00,-1.805100e+00,-1.630603e+00,-1.488176e+00,-1.371380e+00,-1.274438e+00,-1.193098e+00,-1.124128e+00,-1.065064e+00,-1.013902e+00,-9.691987e-01,-9.299100e-01,-8.951567e-01,-8.634224e-01,-8.347976e-01
GW080055_ECON_150,4.027190e+05,6.446918e+06,-1.233863e-05,-7.841106e-04,-4.258882e-03,-1.199576e-02,-2.532703e-02,-4.466378e-02,-6.964242e-02,-9.963220e-02,-2.538777e-01,-5.267090e-01,-8.047569e-01,-1.085798e+00,-1.325478e+00,-1.577925e+00,-1.788548e+00,-1.858213e+00,-2.045582e+00,-2.177973e+00,-2.300388e+00,-2.551539e+00,-2.766540e+00,-2.983316e+00,-3.189557e+00,-3.376347e+00,-3.036638e+00,-2.818604e+00,-2.660773e+00,-2.264215e+00,-2.013471e+00,-1.800579e+00,-1.627099e+00,-1.485369e+00,-1.368979e+00,-1.272317e+00,-1.191213e+00,-1.122417e+00,-1.063479e+00,-1.012434e+00,-9.678554e-01,-9.286460e-01,-8.939057e-01,-8.625581e-01,-8.339125e-01
GW080056_ECON_152,4.027220e+05,6.446918e+06,-1.222094e-05,-7.799169e-04,-4.244550e-03,-1.196710e-02,-2.528182e-02,-4.460361e-02,-6.957116e-02,-9.955413e-02,-2.534152e-01,-5.258731e-01,-8.039359e-01,-1.085034e+00,-1.324915e+00,-1.577395e+00,-1.788214e+00,-1.858392e+00,-2.045448e+00,-2.178031e+00,-2.300515e+00,-2.551277e+00,-2.766400e+00,-2.983208e+00,-3.189521e+00,-3.376406e+00,-3.038397e+00,-2.820041e+00,-2.661927e+00,-2.264753e+00,-2.013854e+00,-1.800869e+00,-1.627321e+00,-1.485550e+00,-1.369116e+00,-1.272439e+00,-1.191317e+00,-1.122506e+00,-1.063556e+00,-1.012501e+00,-9.679149e-01,-9.286989e-01,-8.939522e-01,-8.630377e-01,-8.345129e-01
GW080057_ECON_146,4.027140e+05,6.446868e+06,-7.046585e-06,-6.049893e-04,-3.627270e-03,-1.067839e-02,-2.315209e-02,-4.160870e-02,-6.578770e-02,-9.509317e-02,-2.328658e-01,-4.881069e-01,-7.631996e-01,-1.043379e+00,-1.288467e+00,-1.539923e+00,-1.756248e+00,-1.845535e+00,-2.019940e+00,-2.158693e+00,-2.283018e+00,-2.517243e+00,-2.735310e+00,-2.952252e+00,-3.160260e+00,-3.349918e+00,-3.080286e+00,-2.855048e+00,-2.689212e+00,-2.275811e+00,-2.022849e+00,-1.807860e+00,-1.632806e+00,-1.490073e+00,-1.372835e+00,-1.275553e+00,-1.193957e+00,-1.124768e+00,-1.065505e+00,-1.014208e+00,-9.694457e-01,-9.300791e-01,-8.951748e-01,-8.635596e-01,-8.348607e-01
GW080058_ECON_142,4.027880e+05,6.446780e+06,-2.230653e-06,-3.815922e-04,-2.798953e-03,-8.949347e-03,-2.032061e-02,-3.769444e-02,-6.096282e-02,-8.957323e-02,-2.034044e-01,-4.335040e-01,-7.050390e-01,-9.853731e-01,-1.239908e+00,-1.491541e+00,-1.717920e+00,-1.837564e+00,-1.993764e+00,-2.141957e+00,-2.269600e+00,-2.480343e+00,-2.703919e+00,-2.922010e+00,-3.132660e+00,-3.327100e+00,-3.161886e+00,-2.925051e+00,-2.746302e+00,-2.302388e+00,-2.041697e+00,-1.822736e+00,-1.644614e+00,-1.499547e+00,-1.380616e+00,-1.282042e+00,-1.199414e+00,-1.129396e+00,-1.069484e+00,-1.017660e+00,-9.724046e-01,-9.326267e-01,-8.974746e-01,-8.654822e-01,-8.366122e-01
GW080059_ECON_179,4.028660e+05,6.446786e+06,-2.786288e-06,-4.150476e-04,-2.949623e-03,-9.308459e-03,-2.097811e-02,-3.870865e-02,-6.235614e-02,-9.134577e-02,-2.080628e-01,-4.416999e-01,-7.149260e-01,-9.960943e-01,-1.250320e+00,-1.502219e+00,-1.727794e+00,-1.844081e+00,-2.001437e+00,-2.148855e+00,-2.276041e+00,-2.489307e+00,-2.712930e+00,-2.930893e+00,-3.141359e+00,-3.335351e+00,-3.159019e+00,-2.920438e+00,-2.742541e+00,-2.301257e+00,-2.040349e+00,-1.821466e+00,-1.643630e+00,-1.498721e+00,-1.379979e+00,-1.281535e+00,-1.198996e+00,-1.129063e+00,-1.069223e+00,-1.017436e+00,-9.722152e-01,-9.324938e-01,-8.973984e-01,-8.653978e-01,-8.364001e-01
GW080060_ECON_153,4.022740e+05,6.446469e+06,-1.192415e-04,-2.513909e-03,-9.637722e-03,-2.298975e-02,-4.341532e-02,-7.032527e-02,-1.026736e-01,-1.395274e-01,-2.447691e-01,-4.204421e-01,-6.068159e-01,-7.976346e-01,-9.888896e-01,-1.213024e+00,-1.418418e+00,-1.540110e+00,-1.738233e+00,-1.912394e+00,-2.080689e+00,-2.313334e+00,-2.503858e+00,-2.685875e+00,-2.863385e+00,-3.025847e+00,-2.902702e+00,-2.817531e+00,-2.752879e+00,-2.430788e+00,-2.089691e+00,-1.840176e+00,-1.649098e+00,-1.498168e+00,-1.375667e+00,-1.274672e+00,-1.190121e+00,-1.118509e+00,-1.057203e+00,-1.004187e+00,-9.579618e-01,-9.173480e-01,-8.814188e-01,-8.492036e-01,-8.200346e-01
GW080061_ECON_148,4.019790e+05,6.445562e+06,-9.434624e-03,-3.363750e-02,-6.950148e-02,-1.176005e-01,-1.716411e-01,-2.289486e-01,-2.887452e-01,-3.510346e-01,-4.174538e-01,-4.816911e-01,-5.411549e-01,-5.972084e-01,-8.514732e-01,-1.154269e+00,-1.333167e+00,-1.496468e+00,-1.880768e+00,-2.093681e+00,-2.401515e+00,-2.579515e+00,-2.601652e+00,-2.751378e+00,-2.882272e+00,-2.982915e+00,-3.105443e+00,-3.171954e+00,-3.226288e+00,-2.678727e+00,-2.190745e+00,-1.886783e+00,-1.669917e+00,-1.506364e+00,-1.376001e+00,-1.269591e+00,-1.180701e+00,-1.105500e+00,-1.041087e+00,-9.854284e-01,-9.369086e-01,-8.943070e-01,-8.567524e-01,-8.231701e-01,-7.928388e-01
GW080063_ECON_180,4.015170e+05,6.445880e+06,-1.740089e-03,-1.181922e-02,-3.012787e-02,-5.831695e-02,-9.443415e-02,-1.359508e-01,-1.814716e-01,-2.301352e-01,-2.822117e-01,-3.376667e-01,-3.919735e-01,-4.445236e-01,-6.255571e-01,-8.740179e-01,-1.065584e+00,-1.236179e+00,-1.544179e+00,-1.775227e+00,-2.145779e+00,-2.363738e+00,-2.431901e+00,-2.570982e+00,-2.701781e+00,-2.807720e+00,-2.927262e+00,-3.005326e+00,-3.067283e+00,-2.604057e+00,-2.125024e+00,-1.835392e+00,-1.629522e+00,-1.473383e+00,-1.348663e+00,-1.246381e+00,-1.160699e+00,-1.087988e+00,-1.025548e+00,-9.714479e-01,-9.242082e-01,-8.826837e-01,-8.459532e-01,-8.133735e-01,-7.833665e-01
GW080064_ECON_186,4.016430e+05,6.445805e+06,-2.109385e-03,-1.373396e-02,-3.454499e-02,-6.629726e-02,-1.065660e-01,-1.524267e-01,-2.022984e-01,-2.552386e-01,-3.116187e-01,-3.713273e-01,-4.295445e-01,-4.849705e-01,-6.869998e-01,-9.587206e-01,-1.159190e+00,-1.336386e+00,-1.671539e+00,-1.911206e+00,-2.231483e+00,-2.447084e+00,-2.517534e+00,-2.654988e+00,-2.786190e+00,-2.893395e+00,-3.013479e+00,-3.092048e+00,-3.153918e+00,-2.675024e+00,-2.171210e+00,-1.868310e+00,-1.655259e+00,-1.493840e+00,-1.365558e+00,-1.260513e+00,-1.172761e+00,-1.098395e+00,-1.034637e+00,-9.794723e-01,-9.313547e-01,-8.890963e-01,-8.517431e-01,-8.178202e-01,-7.878231e-01
GW080065_ECON_154,4.017240e+05,6.445741e+06,-1.121350e-03,-1.061626e-02,-2.956941e-02,-5.961117e-02,-9.916398e-02,-1.451238e-01,-1.954943e-01,-2.490660e-01,-3.058414e-01,-3.656466e-01,-4.257690e-01,-4.831954e-01,-6.556601e-01,-9.093192e-01,-1.122628e+00,-1.307001e+00,-1.609816e+00,-1.864813e+00,-2.160673e+00,-2.395689e+00,-2.501366e+00,-2.628854e+00,-2.760307e+00,-2.873120e+00,-2.991736e+00,-3.079917e+00,-3.146660e+00,-2.730115e+00,-2.204555e+00,-1.891473e+00,-1.672756e+00,-1.507601e+00,-1.376823e+00,-1.269941e+00,-1.180795e+00,-1.105333e+00,-1.040736e+00,-9.848879e-01,-9.361864e-01,-8.934596e-01,-8.557441e-01,-8.222436e-01,-7.916224e-01
GW080066_ECON_155,4.017760e+05,6.445912e+06,-1.080771e-03,-1.047817e-02,-2.950466e-02,-5.967806e-02,-9.947198e-02,-1.456975e-01,-1.962844e-01,-2.500123e-01,-3.068874e-01,-3.675643e-01,-4.275989e-01,-4.852366e-01,-6.630714e-01,-9.215606e-01,-1.134453e+00,-1.317914e+00,-1.626236e+00,-1.879613e+00,-2.176129e+00,-2.407744e+00,-2.506798e+00,-2.634540e+00,-2.765537e+00,-2.876798e+00,-2.995164e+00,-3.082203e+00,-3.147291e+00,-2.716383e+00,-2.196811e+00,-1.887101e+00,-1.669215e+00,-1.505129e+00,-1.374751e+00,-1.268258e+00,-1.179348e+00,-1.104113e+00,-1.039663e+00,-9.839400e-01,-9.353777e-01,-8.927532e-01,-8.551163e-01,-8.216487e-01,-7.910534e-01
GW080067_ECON_178,4.020160e+05,6.446069e+06,-3.600357e-03,-1.957222e-02,-4.618591e-02,-8.507581e-02,-1.322918e-01,-1.842763e-01,-2.395067e-01,-2.972613e-01,-3.585172e-01,-4.225620e-01,-4.837082e-01,-5.412882e-01,-7.905410e-01,-1.096455e+00,-1.285859e+00,-1.455156e+00,-1.837035e+00,-2.059195e+00,-2.368136e+00,-2.555793e+00,-2.583562e+00,-2.727075e+00,-2.856734e+00,-2.957207e+00,-3.077871e+00,-3.144566e+00,-3.197938e+00,-2.643013e+00,-2.160148e+00,-1.864288e+00,-1.653114e+00,-1.492937e+00,-1.365042e+00,-1.260296e+00,-1.172673e+00,-1.098437e+00,-1.034776e+00,-9.796853e-01,-9.316669e-01,-8.894879e-01,-8.521747e-01,-8.190580e-01,-7.887381e-01
GW080126_ECON_160,4.019800e+05,6.445458e+06,-2.486242e-02,-7.491404e-02,-1.401475e-01,-2.189104e-01,-2.968777e-01,-3.726844e-01,-4.479188e-01,-5.248530e-01,-6.072226e-01,-6.766471e-01,-7.277861e-01,-7.735240e-01,-9.869719e-01,-1.252396e+00,-1.416274e+00,-1.557875e+00,-1.884340e+00,-2.087590e+00,-2.355236e+00,-2.521746e+00,-2.555138e+00,-2.683274e+00,-2.801154e+00,-2.895340e+00,-3.007453e+00,-3.075912e+00,-3.131010e+00,-2.662190e+00,-2.187208e+00,-1.887848e+00,-1.672369e+00,-1.509131e+00,-1.378598e+00,-1.271888e+00,-1.182652e+00,-1.107148e+00,-1.042443e+00,-9.864934e-01,-9.377595e-01,-8.949952e-01,-8.571486e-01,-8.230349e-01,-7.930114e-01
GW080288_ECON_5,4.004360e+05,6.432706e+06,-1.651503e-44,-3.233672e-45,1.694854e-42,-3.000179e-40,-3.724520e-35,-9.487610e-32,-2.925161e-29,9.944096e-22,1.878896e-17,-1.669127e-13,-6.354031e-11,-2.302810e-09,-2.757289e-08,-1.753048e-07,-7.451486e-07,-2.402229e-06,-6.663506e-06,-1.534569e-05,-3.148391e-05,-5.898965e-05,-1.036703e-04,-1.718615e-04,-2.714264e-04,-4.118815e-04,-6.059633e-04,-8.656390e-04,-1.205264e-03,-4.639742e-03,-1.205069e-02,-2.386833e-02,-3.930320e-02,-5.704057e-02,-7.582329e-02,-9.467905e-02,-1.129447e-01,-1.302098e-01,-1.462491e-01,-1.609630e-01,-1.743348e-01,-1.863988e-01,-1.972191e-01,-2.068771e-01,-2.159491e-01
GW080321_ECON_65,3.992820e+05,6.456589e+06,-4.827637e-65,-8.827522e-65,-1.945026e-64,-5.882359e-64,-3.565481e-63,-2.333782e-62,-9.950943e-62,9.980985e-62,-2.371029e-58,-3.607666e-23,-3.921357e-23,-2.420201e-23,7.622401e-23,2.834139e-22,5.736793e-22,9.868339e-22,2.523328e-21,1.113929e-20,5.047522e-20,1.961673e-19,6.552505e-19,1.916785e-18,4.961813e-18,1.134025e-17,2.238012e-17,3.544504e-17,3.219168e-17,-2.657746e-09,-1.908323e-07,-2.967524e-06,-1.996721e-05,-8.099338e-05,-2.355488e-04,-5.433412e-04,-1.060164e-03,-1.827097e-03,-2.865982e-03,-4.180035e-03,-5.757291e-03,-7.574975e-03,-9.603667e-03,-1.181267e-02,-1.416637e-02
GW080339_ECON_6,4.003390e+05,6.427228e+06,9.974835e-59,2.738224e-58,9.793344e-58,-6.945167e-57,-1.431879e-55,-8.740011e-55,2.906331e-52,-5.661528e-01,-1.024045e+00,-1.463465e+00,-1.465242e+00,-2.160688e+00,-2.740760e+00,-3.009492e+00,-2.969215e+00,-5.259836e+00,-6.211292e+00,-6.002038e+00,-6.042372e+00,-6.286268e+00,-6.103855e+00,-6.012497e+00,-5.959739e+00,-5.782008e+00,-5.739114e+00,-5.412483e+00,-5.101736e+00,-4.068177e+00,-3.427096e+00,-2.985089e+00,-2.654787e+00,-2.397443e+00,-2.190261e+00,-2.018989e+00,-1.874931e+00,-1.751357e+00,-1.644356e+00,-1.550651e+00,-1.467328e+00,-1.393360e+00,-1.327061e+00,-1.266670e+00,-1.208622e+00
GW080357_ECON_63,4.002960e+05,6.454380e+06,-8.860755e-41,1.138197e-38,1.417570e-37,1.404351e-36,7.550016e-32,2.846506e-28,1.128777e-25,1.094406e-23,4.146637e-22,-3.549983e-19,-7.646197e-19,-5.776768e-19,-2.889164e-18,1.276797e-17,6.933772e-17,1.963085e-16,2.558897e-16,-7.282567e-16,-6.715826e-15,-3.081743e-14,-1.997175e-12,-2.752362e-10,-6.231495e-09,-5.596655e-08,-3.009931e-07,-1.185279e-06,-3.764994e-06,-1.691458e-04,-1.296102e-03,-4.568985e-03,-1.063599e-02,-1.922927e-02,-2.959643e-02,-4.096345e-02,-5.271099e-02,-6.439454e-02,-7.571763e-02,-8.649561e-02,-9.662441e-02,-1.060561e-01,-1.147808e-01,-1.228133e-01,-1.301814e-01
GW080484_ECON_86,4.027340e+05,6.414554e+06,0.000000e+00,0.000000e+00,0.000000e+00,0.000000e+00,0.000000e+00,0.000000e+00,0.000000e+00,0.000000e+00,0.000000e+00,-3.602616e-44,-3.731156e-44,-5.421092e-44,-5.047123e-44,-3.696096e-44,-1.812297e-44,1.288773e-44,-1.419920e-24,-2.350223e-24,-2.750742e-24,5.631341e-26,5.403602e-24,1.704977e-23,3.177053e-23,3.560047e-23,-1.106441e-23,-1.775307e-22,-7.842017e-22,-1.158393e-18,-2.603730e-16,-1.511615e-14,-3.658125e-13,-4.839008e-12,-4.125476e-11,-2.519101e-10,-1.183288e-09,-4.499628e-09,-1.439062e-08,-3.986667e-08,-9.792505e-08,-2.173006e-07,-4.422959e-07,-8.361007e-07,-2.567660e-06
GW080487_ECON_62,4.012040e+05,6.454014e+06,3.205812e-36,3.126859e-35,7.141720e-34,1.266760e-29,1.079158e-25,5.134993e-23,4.677677e-21,1.513353e-19,2.449662e-18,-3.548988e-17,9.846289e-17,7.589080e-16,2.957871e-15,7.998013e-15,1.440311e-14,4.388637e-15,-9.868064e-14,-5.400047e-13,-1.984493e-12,-8.177369e-10,-1.217944e-07,-1.803044e-06,-1.066181e-05,-4.120000e-05,-1.246056e-04,-3.131601e-04,-6.742358e-04,-7.309071e-03,-2.498889e-02,-5.228369e-02,-8.325188e-02,-1.135004e-01,-1.411300e-01,-1.655326e-01,-1.866695e-01,-2.047547e-01,-2.200968e-01,-2.330298e-01,-2.438767e-01,-2.529343e-01,-2.604656e-01,-2.666956e-01,-2.718317e-01
GW080571_ECON_76,4.031290e+05,6.414366e+06,0.000000e+00,0.000000e+00,0.000000e+00,0.000000e+00,0.000000e+00,0.000000e+00,0.000000e+00,0.000000e+00,0.000000e+00,-7.059709e-45,-7.588509e-45,-1.130853e-44,-1.129801e-44,-9.667618e-45,-7.348550e-45,-3.124739e-45,-1.748190e-25,-3.369600e-25,-4.796729e-25,-2.696250e-25,3.140137e-25,1.871225e-24,4.351984e-24,6.410098e-24,3.306026e-24,-1.297504e-23,-7.136815e-23,-1.117661e-19,-2.919487e-17,-1.884260e-15,-4.937946e-14,-6.952821e-13,-6.236354e-12,-3.973724e-11,-1.936077e-10,-7.600965e-10,-2.500384e-09,-7.102723e-09,-1.784258e-08,-4.040155e-08,-8.374908e-08,-1.609615e-07,-1.429709e-06
GW080577_ECON_64,4.009670e+05,6.459322e+06,-3.125002e-52,-1.971928e-51,-5.648198e-51,2.130018e-50,-4.331372e-50,-9.910039e-48,-2.432415e-44,-8.992506e-41,-5.760622e-38,2.697017e-26,1.536514e-26,-1.156111e-27,-5.639045e-26,-1.231836e-25,-1.332672e-25,3.644849e-26,5.515621e-25,9.688590e-25,1.774357e-24,6.226046e-24,2.779498e-23,1.157218e-22,4.043951e-22,1.505584e-21,3.191006e-20,8.634347e-19,1.269215e-17,-4.136367e-13,-2.015257e-10,-1.058768e-08,-1.681870e-07,-1.291135e-06,-6.158907e-06,-2.111338e-05,-5.695103e-05,-1.283891e-04,-2.522927e-04,-4.454311e-04,-7.224967e-04,-1.094782e-03,-1.569572e-03,-2.150164e-03,-2.836149e-03
GW080578_ECON_66,4.030630e+05,6.414614e+06,0.000000e+00,0.000000e+00,0.000000e+00,0.000000e+00,0.000000e+00,0.000000e+00,0.000000e+00,0.000000e+00,0.000000e+00,-3.561078e-44,-3.695787e-44,-5.377441e-44,-5.027425e-44,-3.719767e-44,-1.894482e-44,1.119478e-44,-1.376044e-24,-2.296954e-24,-2.722693e-24,-5.622186e-26,5.097853e-24,1.643612e-23,3.096963e-23,3.530720e-23,-8.865881e-24,-1.683534e-22,-7.485859e-22,-1.108656e-18,-2.508154e-16,-1.462885e-14,-3.552686e-13,-4.712659e-12,-4.026976e-11,-2.463734e-10,-1.159230e-09,-4.414682e-09,-1.413761e-08,-3.921219e-08,-9.642062e-08,-2.141702e-07,-4.363106e-07,-8.254548e-07,-2.547225e-06
GW080636_ECON_7,4.014530e+05,6.426839e+06,-6.553381e-59,-4.572456e-58,-2.338146e-57,-5.222366e-57,7.826528e-56,1.658551e-54,2.217513e-53,-1.659537e-02,-8.390452e-02,-1.778685e-01,-2.775868e-01,-3.713448e-01,-5.118290e-01,-6.682027e-01,-8.049896e-01,-9.760126e-01,-1.306406e+00,-1.616984e+00,-1.836233e+00,-2.025254e+00,-2.194351e+00,-2.323643e+00,-2.430899e+00,-2.519662e+00,-2.581369e+00,-2.641360e+00,-2.665418e+00,-2.568995e+00,-2.395328e+00,-2.222790e+00,-2.065223e+00,-1.926222e+00,-1.803709e+00,-1.695557e+00,-1.599700e+00,-1.514180e+00,-1.437469e+00,-1.368374e+00,-1.305731e+00,-1.248623e+00,-1.196502e+00,-1.148779e+00,-1.104070e+00
GW080637_ECON_77,4.015200e+05,6.424997e+06,1.178119e-60,2.275653e-60,5.831221e-60,1.697452e-59,3.870691e-59,-3.171788e-58,-6.460514e-57,-2.887611e-05,-1.659225e-03,-8.155466e-03,-2.079330e-02,-3.867349e-02,-6.090294e-02,-8.972504e-02,-1.251207e-01,-1.645114e-01,-2.109418e-01,-2.738970e-01,-3.489680e-01,-4.276381e-01,-5.061077e-01,-5.835412e-01,-6.573535e-01,-7.264602e-01,-7.897119e-01,-8.490169e-01,-9.031091e-01,-1.074921e+00,-1.137249e+00,-1.147983e+00,-1.134865e+00,-1.110614e+00,-1.081285e+00,-1.050023e+00,-1.018436e+00,-9.874058e-01,-9.573717e-01,-9.285535e-01,-9.010506e-01,-8.748703e-01,-8.499839e-01,-8.263517e-01,-8.045531e-01
GW080638_ECON_80,4.014160e+05,6.425106e+06,2.340788e-60,4.658167e-60,1.278650e-59,3.917583e-59,5.180238e-59,-1.447386e-57,-2.182124e-56,-2.200415e-04,-5.529190e-03,-2.050256e-02,-4.498464e-02,-7.481221e-02,-1.110019e-01,-1.575743e-01,-2.116410e-01,-2.678425e-01,-3.413202e-01,-4.421071e-01,-5.515112e-01,-6.569640e-01,-7.576363e-01,-8.527634e-01,-9.390488e-01,-1.016893e+00,-1.085524e+00,-1.148624e+00,-1.202824e+00,-1.341839e+00,-1.362186e+00,-1.338501e+00,-1.298261e+00,-1.252572e+00,-1.206038e+00,-1.160743e+00,-1.117540e+00,-1.076766e+00,-1.038459e+00,-1.002546e+00,-9.689024e-01,-9.373655e-01,-9.077724e-01,-8.799701e-01,-8.541611e-01
GW080776_ECON_12,4.013420e+05,6.426938e+06,-1.508262e-58,-9.697253e-58,-4.702619e-57,-7.673310e-57,2.029861e-55,3.882344e-54,5.022269e-53,-2.173234e-02,-1.020521e-01,-2.112345e-01,-3.237380e-01,-4.308759e-01,-5.921962e-01,-7.682885e-01,-9.184665e-01,-1.117909e+00,-1.499641e+00,-1.840694e+00,-2.075588e+00,-2.278261e+00,-2.462451e+00,-2.593718e+00,-2.700090e+00,-2.787518e+00,-2.854905e+00,-2.897789e+00,-2.908189e+00,-2.765001e+00,-2.549624e+00,-2.345052e+00,-2.166312e+00,-2.010786e+00,-1.875877e+00,-1.758016e+00,-1.654248e+00,-1.562441e+00,-1.480471e+00,-1.406875e+00,-1.340580e+00,-1.280369e+00,-1.225297e+00,-1.175013e+00,-1.127854e+00
GW080777_ECON_8,4.015220e+05,6.426872e+06,1.693274e-59,6.049487e-59,2.858877e-58,1.125234e-57,-4.489852e-58,-8.176185e-56,-1.176536e-54,-7.997441e-03,-5.248910e-02,-1.224119e-01,-2.045210e-01,-2.822905e-01,-3.926524e-01,-5.226899e-01,-6.461697e-01,-7.796053e-01,-1.031050e+00,-1.300365e+00,-1.512528e+00,-1.695040e+00,-1.860708e+00,-1.996711e+00,-2.111184e+00,-2.208651e+00,-2.281156e+00,-2.352016e+00,-2.395244e+00,-2.381227e+00,-2.258600e+00,-2.118257e+00,-1.982691e+00,-1.859221e+00,-1.748149e+00,-1.648669e+00,-1.559553e+00,-1.479388e+00,-1.407004e+00,-1.341454e+00,-1.281761e+00,-1.227137e+00,-1.177121e+00,-1.131195e+00,-1.087569e+00
GW080778_ECON_9,4.014070e+05,6.426825e+06,-2.748654e-58,-1.716474e-57,-8.370758e-57,-1.523284e-56,3.342732e-55,6.568819e-54,8.539423e-53,-2.517367e-02,-1.101879e-01,-2.215047e-01,-3.316604e-01,-4.378880e-01,-6.005650e-01,-7.740936e-01,-9.173516e-01,-1.123044e+00,-1.510423e+00,-1.842720e+00,-2.061856e+00,-2.253925e+00,-2.422680e+00,-2.545090e+00,-2.646278e+00,-2.727963e+00,-2.781601e+00,-2.832464e+00,-2.842002e+00,-2.689162e+00,-2.482170e+00,-2.288978e+00,-2.117423e+00,-1.968592e+00,-1.838859e+00,-1.725242e+00,-1.625139e+00,-1.536248e+00,-1.456812e+00,-1.385483e+00,-1.320981e+00,-1.262307e+00,-1.208857e+00,-1.159998e+00,-1.113996e+00
GW080779_ECON_13,4.015370e+05,6.426751e+06,-9.002682e-59,-5.943933e-58,-2.980108e-57,-6.211054e-57,1.065584e-55,2.190883e-54,2.889583e-53,-1.395560e-02,-7.300531e-02,-1.566780e-01,-2.468443e-01,-3.315822e-01,-4.579193e-01,-5.999552e-01,-7.260572e-01,-8.798616e-01,-1.176514e+00,-1.461091e+00,-1.666033e+00,-1.843460e+00,-2.003530e+00,-2.128543e+00,-2.233456e+00,-2.321687e+00,-2.384908e+00,-2.446715e+00,-2.476298e+00,-2.416953e+00,-2.273942e+00,-2.123764e+00,-1.982830e+00,-1.856405e+00,-1.743662e+00,-1.643266e+00,-1.553676e+00,-1.473307e+00,-1.400891e+00,-1.335411e+00,-1.275849e+00,-1.221401e+00,-1.171579e+00,-1.125849e+00,-1.082678e+00
GW080780_ECON_11,4.015990e+05,6.426842e+06,1.358688e-59,4.866202e-59,2.284079e-58,8.825074e-58,-5.689111e-58,-6.823453e-56,-1.002374e-54,-5.014666e-03,-3.842541e-02,-9.481369e-02,-1.644820e-01,-2.320246e-01,-3.248300e-01,-4.369553e-01,-5.477979e-01,-6.626575e-01,-8.700971e-01,-1.106204e+00,-1.303499e+00,-1.475124e+00,-1.632142e+00,-1.765690e+00,-1.879828e+00,-1.978619e+00,-2.054935e+00,-2.129207e+00,-2.180845e+00,-2.216081e+00,-2.130475e+00,-2.015932e+00,-1.899069e+00,-1.789417e+00,-1.688889e+00,-1.597643e+00,-1.515088e+00,-1.440250e+00,-1.372254e+00,-1.310363e+00,-1.253761e+00,-1.201778e+00,-1.154029e+00,-1.110057e+00,-1.068599e+00
GW080781_ECON_10,4.013960e+05,6.426717e+06,-5.019936e-58,-3.042036e-57,-1.417298e-56,-1.669602e-56,7.143985e-55,1.293291e-53,1.647243e-52,-4.724950e-02,-1.642791e-01,-3.024847e-01,-4.198714e-01,-5.478172e-01,-7.451099e-01,-9.369897e-01,-1.076857e+00,-1.361760e+00,-1.835451e+00,-2.169604e+00,-2.365625e+00,-2.551161e+00,-2.705114e+00,-2.806091e+00,-2.891582e+00,-2.956014e+00,-2.995752e+00,-3.026358e+00,-3.009190e+00,-2.779969e+00,-2.537876e+00,-2.326086e+00,-2.143245e+00,-1.987212e+00,-1.852624e+00,-1.735627e+00,-1.633086e+00,-1.542398e+00,-1.461617e+00,-1.389255e+00,-1.323947e+00,-1.264652e+00,-1.210712e+00,-1.161441e+00,-1.114644e+00
GW200049_ECON_79,4.015950e+05,6.425329e+06,3.030269e-60,6.902921e-60,2.325243e-59,8.592703e-59,1.447638e-58,-3.077854e-57,-5.266288e-56,-3.527388e-04,-7.521090e-03,-2.627319e-02,-5.572677e-02,-9.026648e-02,-1.322433e-01,-1.861019e-01,-2.475280e-01,-3.102757e-01,-3.956316e-01,-5.119740e-01,-6.344652e-01,-7.498362e-01,-8.588450e-01,-9.603327e-01,-1.051019e+00,-1.131991e+00,-1.202582e+00,-1.266955e+00,-1.320939e+00,-1.447302e+00,-1.452492e+00,-1.416311e+00,-1.366167e+00,-1.312494e+00,-1.259443e+00,-1.208740e+00,-1.160982e+00,-1.116331e+00,-1.074685e+00,-1.035870e+00,-9.996873e-01,-9.659095e-01,-9.343249e-01,-9.047456e-01,-8.776753e-01
GW200243_ECON_84,3.989850e+05,6.456378e+06,-1.408171e-64,-2.505872e-64,-5.103567e-64,-1.290764e-63,-6.120133e-63,-1.715868e-62,1.729423e-61,1.838066e-60,-5.050012e-57,-8.544493e-23,5.434139e-24,2.163693e-22,7.328464e-22,1.489917e-21,2.218041e-21,2.895533e-21,6.825351e-21,3.344477e-20,1.589968e-19,6.293407e-19,2.143517e-18,6.493803e-18,1.786690e-17,4.521763e-17,1.060166e-16,2.309811e-16,4.673604e-16,-1.743219e-09,-1.359120e-07,-2.230307e-06,-1.557421e-05,-6.491397e-05,-1.927990e-04,-4.523294e-04,-8.950431e-04,-1.560915e-03,-2.473543e-03,-3.639931e-03,-5.053020e-03,-6.695296e-03,-8.542408e-03,-1.056834e-02,-1.274116e-02
GW200244_ECON_14,4.021950e+05,6.425490e+06,5.003095e-61,1.096732e-60,3.482707e-60,1.326520e-59,4.615219e-59,-6.032357e-59,-3.879465e-57,-2.399825e-06,-3.287465e-04,-2.263955e-03,-6.969927e-03,-1.488627e-02,-2.574981e-02,-4.023047e-02,-5.892549e-02,-8.137788e-02,-1.076638e-01,-1.412053e-01,-1.831990e-01,-2.311528e-01,-2.827837e-01,-3.364841e-01,-3.906666e-01,-4.441443e-01,-4.964058e-01,-5.463077e-01,-5.937290e-01,-7.794063e-01,-8.819161e-01,-9.320624e-01,-9.520526e-01,-9.546326e-01,-9.469934e-01,-9.333710e-01,-9.162497e-01,-8.972059e-01,-8.772011e-01,-8.568431e-01,-8.365452e-01,-8.165487e-01,-7.969958e-01,-7.780046e-01,-7.610538e-01
GW200263_ECON_83,4.012720e+05,6.457289e+06,-2.169976e-50,-8.921652e-50,9.544870e-50,2.720949e-48,-3.659968e-47,-2.174413e-45,-2.452622e-41,-4.947318e-38,-1.972910e-35,-1.458784e-22,-1.116711e-22,5.309802e-23,6.074468e-22,1.547245e-21,3.104185e-21,8.630453e-21,3.547786e-20,1.458179e-19,4.830918e-19,1.250113e-18,2.228214e-18,4.812290e-19,-1.750097e-17,-9.842570e-17,-3.762576e-16,-1.137347e-15,-2.501271e-15,-7.046397e-08,-2.894119e-06,-3.083886e-05,-1.576577e-04,-5.167571e-04,-1.263505e-03,-2.520952e-03,-4.348613e-03,-6.741863e-03,-9.648294e-03,-1.298759e-02,-1.666811e-02,-2.059833e-02,-2.469377e-02,-2.888163e-02,-3.309812e-02
GW200271_ECON_82,4.011170e+05,6.460403e+06,-1.183188e-74,-4.586899e-74,-1.736242e-73,-6.039762e-73,-1.996599e-72,-6.299084e-72,-1.901213e-71,-5.504294e-71,-1.533724e-70,3.380072e-27,5.031472e-27,8.686901e-27,1.093056e-26,1.062906e-26,5.362905e-27,-7.700524e-27,-2.726031e-26,-5.029815e-26,-7.938248e-26,-1.143692e-25,-1.581743e-25,-3.622325e-27,1.931050e-24,1.319320e-23,6.164176e-23,2.337202e-22,7.627785e-22,9.669468e-15,4.371398e-13,-9.355211e-11,-3.476256e-09,-4.454085e-08,-3.094199e-07,-1.427154e-06,-4.910391e-06,-1.357841e-05,-3.175387e-05,-6.512794e-05,-1.203368e-04,-2.043834e-04,-3.240493e-04,-4.854034e-04,-6.934412e-04
GW200330_ECON_85,4.005280e+05,6.452381e+06,8.476933e-37,9.274971e-36,3.569153e-35,2.781047e-31,5.563992e-27,4.575463e-24,6.075675e-22,2.582438e-20,5.133992e-19,-1.347269e-16,-6.892370e-15,-6.174000e-14,-3.640859e-13,-1.690677e-12,-6.604886e-12,-2.243805e-11,-6.771999e-11,-1.851274e-10,-4.649926e-10,-1.123744e-09,-1.920764e-08,-4.253078e-07,-3.315335e-06,-1.508624e-05,-5.110633e-05,-1.413157e-04,-3.314488e-04,-4.766170e-03,-1.859289e-02,-4.193735e-02,-6.991954e-02,-9.799193e-02,-1.240411e-01,-1.474170e-01,-1.681001e-01,-1.862974e-01,-2.022769e-01,-2.163057e-01,-2.286282e-01,-2.394603e-01,-2.489882e-01,-2.573601e-01,-2.647466e-01
GW200398_ECON_87,3.963120e+05,6.450304e+06,3.293574e-51,4.997459e-50,9.044900e-49,1.292540e-47,2.042940e-46,2.519346e-42,5.816440e-39,2.176994e-36,2.404427e-34,-7.699120e-17,-8.558949e-18,-5.483781e-16,-6.297815e-15,-3.989068e-14,-1.881797e-13,-7.360787e-13,-2.505714e-12,-7.618626e-12,-2.103857e-11,-5.343213e-11,-1.261028e-10,-2.790083e-10,-5.831402e-10,-1.158786e-09,-2.201449e-09,-4.017518e-09,-7.072185e-09,-7.806861e-08,-5.231175e-07,-2.525592e-06,-9.554038e-06,-2.964731e-05,-7.784832e-05,-1.773265e-04,-3.580846e-04,-6.535138e-04,-1.096133e-03,-1.713886e-03,-2.527740e-03,-3.550682e-03,-4.787835e-03,-6.231741e-03,-7.888936e-03
GW200432_ECON_90,3.989030e+05,6.434728e+06,-8.022069e-45,1.264783e-43,2.357559e-42,-9.328431e-42,-3.715266e-36,-1.693487e-32,-7.818973e-30,-7.817010e-28,-1.289242e-26,2.996735e-20,1.018321e-17,1.009399e-15,2.498261e-14,2.771766e-13,1.844967e-12,8.658333e-12,-7.256377e-11,-3.768237e-10,-1.509783e-09,-4.994263e-09,-1.453092e-08,-3.724379e-08,-8.596562e-08,-1.820790e-07,-3.598940e-07,-6.708069e-07,-1.189528e-06,-1.199485e-05,-6.522677e-05,-2.372191e-04,-6.463264e-04,-1.422862e-03,-2.672250e-03,-4.453155e-03,-6.774857e-03,-9.606685e-03,-1.289141e-02,-1.655770e-02,-2.052969e-02,-2.473343e-02,-2.910073e-02,-3.357175e-02,-3.813476e-02
GW200450_ECON_88,4.018360e+05,6.456917e+06,-8.895454e-49,5.214226e-50,2.648980e-47,-1.871990e-46,-8.787285e-45,-8.308019e-42,-5.968152e-38,-5.103355e-35,-1.048012e-32,-6.274838e-22,7.349943e-22,3.510766e-21,9.112954e-21,2.213312e-20,8.070807e-20,3.578866e-19,1.398349e-18,4.392967e-18,1.041984e-17,1.454940e-17,-1.840066e-17,-2.309603e-16,-1.082111e-15,-3.829833e-15,-1.107954e-14,-2.357384e-14,-1.460569e-14,-1.490796e-06,-3.388539e-05,-2.421316e-04,-9.286898e-04,-2.442216e-03,-5.009593e-03,-8.665642e-03,-1.329096e-02,-1.868440e-02,-2.462266e-02,-3.089599e-02,-3.732501e-02,-4.376560e-02,-5.010747e-02,-5.627164e-02,-6.219966e-02
GW200451_ECON_89,4.005400e+05,6.459345e+06,-1.164121e-71,-3.436294e-71,-1.061506e-70,-3.056018e-70,-8.608288e-70,-2.369568e-69,-6.348706e-69,-1.653383e-68,-4.193076e-68,1.692205e-26,1.492007e-26,1.467492e-26,-3.898783e-27,-3.285614e-26,-5.157260e-26,-1.816344e-26,1.394149e-25,2.665430e-25,5.054800e-25,1.782493e-24,7.855075e-24,3.366894e-23,1.238645e-22,3.796875e-22,9.281304e-22,1.521090e-21,-3.433440e-22,-1.141316e-13,-6.577287e-11,-4.047056e-09,-7.272790e-08,-6.147341e-07,-3.166980e-06,-1.156484e-05,-3.289069e-05,-7.755979e-05,-1.584128e-04,-2.891978e-04,-4.829782e-04,-7.508568e-04,-1.101182e-03,-1.539258e-03,-2.067309e-03
GW200808_ECON_15,4.033800e+05,6.413170e+06,0.000000e+00,0.000000e+00,0.000000e+00,0.000000e+00,0.000000e+00,0.000000e+00,0.000000e+00,0.000000e+00,0.000000e+00,0.000000e+00,0.000000e+00,0.000000e+00,0.000000e+00,0.000000e+00,0.000000e+00,0.000000e+00,0.000000e+00,0.000000e+00,0.000000e+00,0.000000e+00,0.000000e+00,0.000000e+00,0.000000e+00,0.000000e+00,0.000000e+00,0.000000e+00,0.000000e+00,0.000000e+00,0.000000e+00,0.000000e+00,0.000000e+00,0.000000e+00,0.000000e+00,0.000000e+00,0.000000e+00,0.000000e+00,0.000000e+00,0.000000e+00,0.000000e+00,0.000000e+00,0.000000e+00,8.457843e-21,-9.905015e-08
GW200910_ECON_192,4.027230e+05,6.418028e+06,0.000000e+00,0.000000e+00,0.000000e+00,0.000000e+00,0.000000e+00,0.000000e+00,0.000000e+00,0.000000e+00,0.000000e+00,1.485806e-39,1.897457e-39,3.134353e-39,3.941240e-39,4.757344e-39,5.859144e-39,7.145216e-39,-5.601347e-18,-1.203412e-17,-1.776029e-17,-4.689448e-17,-4.008297e-16,-2.701697e-15,-1.387346e-14,-5.869033e-14,-2.146031e-13,-6.973210e-13,-2.050541e-12,-1.485605e-10,-3.188588e-09,-3.299556e-08,-2.104509e-07,-9.482207e-07,-3.285781e-06,-9.283825e-06,-2.232072e-05,-4.715656e-05,-8.972846e-05,-1.567382e-04,-2.551410e-04,-3.916422e-04,-5.722743e-04,-8.020921e-04,-1.083929e-03
GW201187_ECON_107,4.045190e+05,6.450722e+06,-1.436209e-25,7.150278e-22,3.186898e-17,8.439333e-15,2.869201e-13,3.444375e-12,2.244815e-11,9.798551e-11,3.201895e-10,-2.740394e-10,-2.149980e-09,-9.367835e-09,-2.921337e-08,-7.632472e-08,-1.763603e-07,-3.718861e-07,-7.311182e-07,-1.374698e-06,-2.395072e-01,-3.755807e-01,-1.094731e+00,-1.951692e+00,-2.187617e+00,-2.254033e+00,-2.553969e+00,-2.696289e+00,-2.836543e+00,-3.203232e+00,-2.266845e+00,-1.886604e+00,-1.658506e+00,-1.489441e+00,-1.361531e+00,-1.258435e+00,-1.173458e+00,-1.101869e+00,-1.040808e+00,-9.877173e-01,-9.413477e-01,-9.006736e-01,-8.643349e-01,-8.315714e-01,-8.022454e-01
GW201188_ECON_105,4.045250e+05,6.450723e+06,-1.550426e-25,8.007585e-22,3.432421e-17,8.927726e-15,3.004545e-13,3.584811e-12,2.328395e-11,1.015281e-10,3.322492e-10,-2.316657e-10,-2.036145e-09,-9.092788e-09,-2.861083e-08,-7.509635e-08,-1.739901e-07,-3.674851e-07,-7.231299e-07,-1.361209e-06,-2.346910e-01,-3.702897e-01,-1.077305e+00,-1.924971e+00,-2.167993e+00,-2.241037e+00,-2.539691e+00,-2.684544e+00,-2.826070e+00,-3.199527e+00,-2.270170e+00,-1.888379e+00,-1.659431e+00,-1.489932e+00,-1.361795e+00,-1.258569e+00,-1.173520e+00,-1.101889e+00,-1.040806e+00,-9.877048e-01,-9.413306e-01,-9.006561e-01,-8.643207e-01,-8.315711e-01,-8.022460e-01
GW201193_ECON_103,4.036790e+05,6.452595e+06,1.195276e-28,1.357808e-24,2.740125e-19,1.613799e-16,8.916466e-15,1.495072e-13,1.257375e-12,6.811781e-12,2.727834e-11,3.864943e-11,3.323438e-11,-1.809365e-10,-1.108523e-09,-3.969055e-09,-1.122504e-08,-2.737187e-08,-6.004936e-08,-1.267530e-07,-1.228395e-01,-2.332684e-01,-6.432332e-01,-1.224831e+00,-1.557284e+00,-1.733770e+00,-1.977570e+00,-2.159199e+00,-2.321791e+00,-2.893531e+00,-2.337907e+00,-2.040296e+00,-1.824692e+00,-1.646942e+00,-1.502630e+00,-1.382213e+00,-1.281169e+00,-1.195420e+00,-1.122086e+00,-1.058584e+00,-1.003356e+00,-9.550585e-01,-9.122276e-01,-8.739647e-01,-8.401070e-01
GW201339_ECON_98,4.006290e+05,6.455556e+06,-7.793550e-41,-3.962490e-40,8.913638e-40,4.052079e-38,3.179975e-35,3.636972e-31,3.200797e-28,5.609172e-26,3.351259e-24,8.119138e-21,-2.275302e-20,-8.010470e-20,-8.483807e-20,4.936617e-19,3.448229e-18,1.331147e-17,3.795198e-17,7.890756e-17,8.121568e-17,-2.525973e-16,-4.301385e-15,-1.361013e-12,-7.000079e-11,-1.071335e-09,-8.258254e-09,-4.199766e-08,-1.625246e-07,-1.776415e-05,-2.175690e-04,-1.047980e-03,-3.068679e-03,-6.624847e-03,-1.171567e-02,-1.809549e-02,-2.541934e-02,-3.334029e-02,-4.155696e-02,-4.982878e-02,-5.797535e-02,-6.586858e-02,-7.342289e-02,-8.058658e-02,-8.732996e-02
GW201340_ECON_94,4.016470e+05,6.458973e+06,-9.103776e-50,-1.747103e-49,1.804966e-48,-8.389391e-49,-5.196869e-46,-1.433954e-43,-1.437730e-39,-1.634526e-36,-4.195446e-34,-1.705294e-25,-5.225466e-25,-1.015983e-24,-1.294094e-24,-5.236814e-25,2.451537e-24,8.315749e-24,1.589407e-23,1.984800e-23,5.270814e-23,2.758826e-22,1.230644e-21,4.319652e-21,2.443027e-20,1.441323e-18,4.523755e-17,6.588767e-16,5.723850e-15,-1.944863e-11,-4.715882e-09,-1.505292e-07,-1.658030e-06,-9.641522e-06,-3.695755e-05,-1.060671e-04,-2.468455e-04,-4.913872e-04,-8.684710e-04,-1.399660e-03,-2.097590e-03,-2.966057e-03,-4.001225e-03,-5.193407e-03,-6.528573e-03
GW201341_ECON_106,3.979950e+05,6.440418e+06,-1.052364e-35,-2.574641e-33,-4.198004e-32,1.856232e-26,5.591968e-23,1.318702e-20,7.239287e-19,1.596047e-17,1.912111e-16,-1.543105e-12,-8.661276e-12,-3.859160e-11,-1.421913e-10,-4.532580e-10,-1.280905e-09,-3.270012e-09,-7.658455e-09,-1.666076e-08,-3.400447e-08,-6.564166e-08,-1.206421e-07,-2.122737e-07,-3.592530e-07,-5.871498e-07,-9.299094e-07,-1.431459e-06,-2.147351e-06,-1.208743e-05,-4.797045e-05,-1.491507e-04,-3.791085e-04,-8.138197e-04,-1.523776e-03,-2.560904e-03,-3.953053e-03,-5.704184e-03,-7.797976e-03,-1.020306e-02,-1.287848e-02,-1.577847e-02,-1.885631e-02,-2.210654e-02,-2.542674e-02
GW201342_ECON_93,3.999180e+05,6.439245e+06,2.738637e-27,6.045181e-24,8.184574e-20,-1.050178e-15,-1.521528e-13,-4.465161e-12,-5.461409e-11,-3.876560e-10,-1.909102e-09,-7.224388e-09,-2.265679e-08,-6.104901e-08,-1.456735e-07,-3.150728e-07,-6.284933e-07,-1.171431e-06,-2.060831e-06,-3.449619e-06,-5.530297e-06,-8.537145e-06,-1.274701e-05,-1.847872e-05,-2.609491e-05,-3.601685e-05,-4.875817e-05,-6.496865e-05,-8.547236e-05,-2.942122e-04,-8.158081e-04,-1.808106e-03,-3.307616e-03,-5.255545e-03,-7.576716e-03,-1.021209e-02,-1.311824e-02,-1.625865e-02,-1.959740e-02,-2.309693e-02,-2.671838e-02,-3.042330e-02,-3.417528e-02,-3.795720e-02,-4.168831e-02
GW201343_ECON_104,3.992540e+05,6.436341e+06,7.364315e-40,6.044039e-39,6.220196e-38,4.079427e-33,8.140945e-29,6.672751e-26,8.935500e-24,3.881241e-22,7.979059e-21,-1.297986e-17,-1.184948e-16,-1.760869e-15,-1.248612e-14,-6.387891e-14,-2.660680e-13,-9.521317e-13,-3.012018e-12,-8.591696e-12,-2.241701e-11,-5.414369e-11,-1.223123e-10,-2.607886e-10,-5.289723e-10,-1.027623e-09,-1.922723e-09,-3.480447e-09,-6.117044e-09,-7.178201e-08,-5.340029e-07,-2.822620e-06,-1.127603e-05,-3.557136e-05,-9.227115e-05,-2.042325e-04,-3.980640e-04,-7.008033e-04,-1.136942e-03,-1.726378e-03,-2.483391e-03,-3.416451e-03,-4.528596e-03,-5.817589e-03,-7.279399e-03
GW201344_ECON_99,4.012730e+05,6.433479e+06,3.007409e-42,3.517528e-41,-8.450258e-40,-3.863717e-35,-5.289328e-31,-3.578751e-28,-4.289142e-26,-1.730176e-24,-3.357069e-23,-1.031697e-19,8.047462e-17,8.426601e-15,2.101341e-13,2.295833e-12,1.486942e-11,6.747417e-11,-1.374639e-08,-4.773348e-08,-1.423856e-07,-3.584850e-07,-8.299241e-07,-1.731101e-06,-3.345898e-06,-6.077869e-06,-1.052793e-05,-1.738521e-05,-2.761768e-05,-1.819433e-04,-7.235014e-04,-2.036575e-03,-4.476640e-03,-8.232081e-03,-1.329413e-02,-1.950779e-02,-2.664118e-02,-3.444177e-02,-4.267062e-02,-5.111984e-02,-5.961811e-02,-6.803026e-02,-7.625348e-02,-8.421396e-02,-9.182671e-02
GW201345_ECON_97,4.019410e+05,6.441047e+06,-7.333900e-09,-3.185063e-06,-3.620266e-05,-1.546550e-04,-4.343672e-04,-9.602560e-04,-1.808893e-03,-3.039861e-03,-4.695293e-03,-6.804739e-03,-9.385712e-03,-1.243819e-02,-1.592781e-02,-1.980370e-02,-2.401088e-02,-2.849322e-02,-3.318911e-02,-3.803177e-02,-4.899382e-02,-6.519895e-02,-8.358973e-02,-1.026939e-01,-1.209048e-01,-1.372414e-01,-1.521288e-01,-1.668870e-01,-1.799579e-01,-2.258904e-01,-2.319716e-01,-2.398757e-01,-2.495625e-01,-2.596057e-01,-2.691087e-01,-2.776663e-01,-2.851226e-01,-2.914570e-01,-2.967189e-01,-3.009931e-01,-3.043797e-01,-3.069825e-01,-3.089014e-01,-3.104008e-01,-3.111033e-01
GW201346_ECON_95,4.005320e+05,6.437558e+06,-3.725338e-32,-2.446364e-30,3.425844e-25,2.884169e-21,7.909654e-19,3.870866e-17,7.028732e-16,6.831889e-15,4.356898e-14,-1.278676e-11,-5.865426e-11,-2.256901e-10,-7.264682e-10,-2.045520e-09,-5.154536e-09,-1.183416e-08,-2.511932e-08,-4.986596e-08,-9.342479e-08,-1.664297e-07,-2.836248e-07,-4.647463e-07,-7.353793e-07,-1.127777e-06,-1.681562e-06,-2.444285e-06,-3.471811e-06,-1.580297e-05,-5.482191e-05,-1.539411e-04,-3.547556e-04,-6.898376e-04,-1.174400e-03,-1.810057e-03,-2.591894e-03,-3.513479e-03,-4.569157e-03,-5.754520e-03,-7.066017e-03,-8.500320e-03,-1.005375e-02,-1.173918e-02,-1.351159e-02
GW201413_ECON_188,4.004270e+05,6.444366e+06,-8.086328e-10,-1.736107e-06,-3.171016e-05,-1.678246e-04,-5.331199e-04,-1.283796e-03,-2.581052e-03,-4.566695e-03,-7.352805e-03,-1.098534e-02,-1.562800e-02,-2.124222e-02,-2.785287e-02,-3.571644e-02,-4.569058e-02,-5.852397e-02,-7.432561e-02,-9.323647e-02,-1.156877e-01,-1.419019e-01,-1.719996e-01,-2.049861e-01,-2.398396e-01,-2.759772e-01,-3.128623e-01,-3.500676e-01,-3.875905e-01,-5.647296e-01,-6.687919e-01,-7.113706e-01,-7.241158e-01,-7.218480e-01,-7.120298e-01,-6.983882e-01,-6.828880e-01,-6.666597e-01,-6.503653e-01,-6.343935e-01,-6.189656e-01,-6.042004e-01,-5.901690e-01,-5.775443e-01,-5.646967e-01
GW201414_ECON_189,4.033430e+05,6.456633e+06,-1.477202e-40,2.181668e-39,5.777909e-38,4.803277e-37,7.707352e-33,3.825793e-29,1.832941e-26,2.041210e-24,8.607214e-23,-5.108573e-20,-3.242209e-19,-6.409625e-19,3.876497e-21,5.375754e-18,2.410671e-17,6.550656e-17,9.786151e-17,-1.386169e-16,-1.739365e-15,-8.391275e-15,-3.715010e-13,-7.084067e-11,-1.974932e-09,-2.033725e-08,-1.202592e-07,-5.080173e-07,-1.708382e-06,-1.004817e-04,-9.134358e-04,-3.622120e-03,-9.177637e-03,-1.763974e-02,-2.833440e-02,-4.036632e-02,-5.293624e-02,-6.544785e-02,-7.750159e-02,-8.885505e-02,-9.937909e-02,-1.090220e-01,-1.177826e-01,-1.256924e-01,-1.327973e-01
GW201415_ECON_191,4.006150e+05,6.453286e+06,5.056428e-37,5.425023e-36,1.611288e-35,1.515274e-31,3.102177e-27,2.617547e-24,3.567686e-22,1.554661e-20,3.163158e-19,-1.206934e-17,3.527524e-17,1.679390e-16,1.339076e-16,-2.641471e-15,-2.151003e-14,-1.103261e-13,-4.521622e-13,-1.588074e-12,-4.946934e-12,-3.404543e-11,-9.823560e-09,-2.569252e-07,-2.097083e-06,-9.819845e-06,-3.396305e-05,-9.558841e-05,-2.279779e-04,-3.514163e-03,-1.435506e-02,-3.350425e-02,-5.743419e-02,-8.229761e-02,-1.059893e-01,-1.276400e-01,-1.470079e-01,-1.641326e-01,-1.791737e-01,-1.923340e-01,-2.038236e-01,-2.138434e-01,-2.225765e-01,-2.301825e-01,-2.368148e-01
GW201416_ECON_190,3.993130e+05,6.430480e+06,-1.097317e-54,-3.714784e-54,3.020282e-53,6.443705e-52,5.923545e-51,4.406959e-50,3.505179e-46,-6.917414e-05,-2.265490e-03,-9.788942e-03,-2.373449e-02,-4.287700e-02,-6.692640e-02,-9.816632e-02,-1.361512e-01,-1.781745e-01,-2.292415e-01,-2.974716e-01,-3.778179e-01,-4.641710e-01,-5.543615e-01,-6.436067e-01,-7.286888e-01,-8.088040e-01,-8.817754e-01,-9.478680e-01,-1.009015e+00,-1.189102e+00,-1.248648e+00,-1.252422e+00,-1.232447e+00,-1.201076e+00,-1.165219e+00,-1.127848e+00,-1.090706e+00,-1.054708e+00,-1.020100e+00,-9.871426e-01,-9.559845e-01,-9.264400e-01,-8.983615e-01,-8.718925e-01,-8.475834e-01
GW201417_ECON_96,4.042520e+05,6.448589e+06,-7.234874e-17,-3.030428e-11,-9.714707e-09,-2.186078e-07,-1.675488e-06,-7.409756e-06,-2.364014e-05,-6.068399e-05,-1.332327e-04,-2.599186e-04,-4.657730e-04,-7.891718e-04,-1.291032e-03,-2.053650e-03,-3.171037e-03,-4.737364e-03,-6.838335e-03,-9.543665e-03,-1.289490e-02,-1.691178e-02,-2.160835e-02,-2.701131e-02,-3.318238e-02,-4.025205e-02,-4.844425e-02,-5.802909e-02,-6.922423e-02,-1.500644e-01,-2.595907e-01,-3.713756e-01,-4.649422e-01,-5.368339e-01,-5.904729e-01,-6.300144e-01,-6.587908e-01,-6.793296e-01,-6.934977e-01,-7.026987e-01,-7.080046e-01,-7.102451e-01,-7.100639e-01,-7.075758e-01,-7.043728e-01
GW201418_ECON_101,4.013400e+05,6.449379e+06,-3.304797e-24,-3.628631e-19,-3.251728e-14,-1.190106e-11,-4.765531e-10,-6.234385e-09,-4.272922e-08,-1.944458e-07,-6.693475e-07,-2.028435e-06,-4.979882e-06,-1.091798e-05,-2.196508e-05,-4.179824e-05,-7.648160e-05,-1.352175e-04,-2.307663e-04,-3.793775e-04,-6.004437e-04,-9.157804e-04,-1.348296e-03,-1.921535e-03,-2.658707e-03,-3.583386e-03,-4.720192e-03,-6.096063e-03,-7.742237e-03,-2.137758e-02,-4.673289e-02,-8.409656e-02,-1.297364e-01,-1.784608e-01,-2.262411e-01,-2.707141e-01,-3.107630e-01,-3.460356e-01,-3.766163e-01,-4.028126e-01,-4.250320e-01,-4.437095e-01,-4.592691e-01,-4.718018e-01,-4.822950e-01
GW201419_ECON_92,4.034760e+05,6.448119e+06,-3.269426e-13,-2.733079e-08,-1.715481e-06,-1.683479e-05,-7.682888e-05,-2.363948e-04,-5.714967e-04,-1.170988e-03,-2.130473e-03,-3.741436e-03,-6.767008e-03,-1.205771e-02,-2.017964e-02,-3.135827e-02,-4.556734e-02,-6.267696e-02,-8.219532e-02,-1.035212e-01,-1.264569e-01,-1.507074e-01,-1.762450e-01,-2.033883e-01,-2.322742e-01,-2.629300e-01,-2.952722e-01,-3.283065e-01,-3.600611e-01,-4.856791e-01,-5.736046e-01,-6.398126e-01,-6.902294e-01,-7.276076e-01,-7.541576e-01,-7.720374e-01,-7.831438e-01,-7.890242e-01,-7.908858e-01,-7.896667e-01,-7.860935e-01,-7.807227e-01,-7.739896e-01,-7.665573e-01,-7.582900e-01
