# Easting,Northing,t=1,t=2,t=3,t=4,t=5,t=6,t=7,t=8,t=9,t=10,t=11,t=12,t=13,t=14,t=15,t=16,t=17,t=18,t=19,t=20,t=21,t=22,t=23,t=24,t=25,t=26,t=27,t=32,t=37,t=42,t=47,t=52,t=57,t=62,t=67,t=72,t=77,t=82,t=87,t=92,t=97,t=102,t=107
 403275.00,6446238.00,-5.24148e-04,-8.86671e-03,-2.93856e-02,-6.40194e-02,-1.12404e-01,-1.70838e-01,-2.36018e-01,-3.05778e-01,-3.96295e-01,-5.24452e-01,-6.76259e-01,-8.34991e-01,-9.90043e-01,-1.14274e+00,-1.28930e+00,-1.40677e+00,-1.51283e+00,-1.61463e+00,-1.70706e+00,-1.81013e+00,-1.92019e+00,-2.02848e+00,-2.13472e+00,-2.23613e+00,-2.25935e+00,-2.22060e+00,-2.17140e+00,-1.93471e+00,-1.74080e+00,-1.57294e+00,-1.43044e+00,-1.31004e+00,-1.20774e+00,-1.12006e+00,-1.04418e+00,-9.77947e-01,-9.19634e-01,-8.67906e-01,-8.21729e-01,-7.80249e-01,-7.42754e-01,-7.08707e-01,-6.77737e-01
 402614.00,6448875.00,5.73058e-20,-2.47651e-13,-4.66249e-10,-2.38952e-08,-2.88520e-07,-1.68713e-06,-6.49586e-06,-1.91174e-05,-4.66217e-05,-9.93956e-05,-1.95943e-04,-3.82627e-04,-7.47121e-04,-1.41046e-03,-2.50659e-03,-4.16276e-03,-6.48917e-03,-9.56707e-03,-1.34376e-02,-1.81174e-02,-2.36079e-02,-2.99044e-02,-3.70135e-02,-4.49540e-02,-5.37478e-02,-6.34106e-02,-7.39220e-02,-1.33578e-01,-1.90628e-01,-2.37317e-01,-2.73176e-01,-2.99694e-01,-3.18736e-01,-3.31991e-01,-3.40826e-01,-3.46298e-01,-3.49213e-01,-3.50182e-01,-3.49667e-01,-3.48022e-01,-3.45519e-01,-3.42407e-01,-3.38740e-01
 402605.00,6448530.00,-9.28346e-18,-5.35050e-11,-2.10546e-08,-4.96585e-07,-3.77541e-06,-1.62478e-05,-5.01672e-05,-1.24525e-04,-2.64589e-04,-5.08243e-04,-9.72081e-04,-1.90940e-03,-3.65093e-03,-6.50837e-03,-1.07161e-02,-1.64267e-02,-2.37114e-02,-3.25117e-02,-4.27212e-02,-5.42531e-02,-6.70211e-02,-8.10106e-02,-9.62716e-02,-1.12847e-01,-1.30752e-01,-1.49923e-01,-1.69983e-01,-2.65282e-01,-3.36039e-01,-3.84059e-01,-4.15002e-01,-4.33768e-01,-4.44065e-01,-4.48516e-01,-4.48929e-01,-4.46550e-01,-4.42244e-01,-4.36617e-01,-4.30097e-01,-4.22993e-01,-4.15525e-01,-4.07879e-01,-4.00097e-01
 402545.00,6454379.00,0.00000e+00,0.00000e+00,0.00000e+00,0.00000e+00,0.00000e+00,0.00000e+00,0.00000e+00,0.00000e+00,0.00000e+00,5.70778e-20,-5.11267e-20,-3.77727e-19,-1.86353e-18,-1.26158e-17,-8.72467e-17,-5.05746e-16,-2.44502e-15,-1.01427e-14,-3.70111e-14,-1.21177e-13,-3.61689e-13,-9.97366e-13,-2.56996e-12,-6.24827e-12,-1.44484e-11,-3.19759e-11,-6.80467e-11,-1.80642e-09,-2.38530e-08,-1.82310e-07,-9.26855e-07,-3.48247e-06,-1.04012e-05,-2.59795e-05,-5.63062e-05,-1.08880e-04,-1.91922e-04,-3.13596e-04,-4.81299e-04,-7.01147e-04,-9.77664e-04,-1.31369e-03,-1.71041e-03
 401507.00,6461390.00,0.00000e+00,0.00000e+00,0.00000e+00,0.00000e+00,0.00000e+00,0.00000e+00,0.00000e+00,0.00000e+00,0.00000e+00,0.00000e+00,0.00000e+00,0.00000e+00,0.00000e+00,0.00000e+00,0.00000e+00,0.00000e+00,0.00000e+00,0.00000e+00,0.00000e+00,0.00000e+00,0.00000e+00,0.00000e+00,0.00000e+00,0.00000e+00,0.00000e+00,0.00000e+00,0.00000e+00,0.00000e+00,0.00000e+00,0.00000e+00,0.00000e+00,0.00000e+00,0.00000e+00,0.00000e+00,0.00000e+00,0.00000e+00,0.00000e+00,0.00000e+00,0.00000e+00,0.00000e+00,0.00000e+00,-2.70207e-10,-6.66189e-10
 401448.00,6405679.00,0.00000e+00,0.00000e+00,0.00000e+00,0.00000e+00,0.00000e+00,0.00000e+00,0.00000e+00,0.00000e+00,0.00000e+00,0.00000e+00,0.00000e+00,0.00000e+00,0.00000e+00,0.00000e+00,0.00000e+00,0.00000e+00,0.00000e+00,0.00000e+00,0.00000e+00,0.00000e+00,0.00000e+00,0.00000e+00,0.00000e+00,0.00000e+00,0.00000e+00,0.00000e+00,0.00000e+00,0.00000e+00,0.00000e+00,0.00000e+00,0.00000e+00,0.00000e+00,0.00000e+00,0.00000e+00,0.00000e+00,0.00000e+00,0.00000e+00,0.00000e+00,0.00000e+00,0.00000e+00,0.00000e+00,-1.22557e-28,-5.24661e-16
 400495.00,6422793.00,0.00000e+00,0.00000e+00,0.00000e+00,0.00000e+00,0.00000e+00,0.00000e+00,0.00000e+00,1.33300e-19,-3.30310e-13,-6.34782e-10,-3.34074e-08,-4.11395e-07,-2.42654e-06,-9.29017e-06,-2.68247e-05,-6.37159e-05,-1.31900e-04,-2.46070e-04,-4.24074e-04,-6.86311e-04,-1.05749e-03,-1.56638e-03,-2.24600e-03,-3.13110e-03,-4.25665e-03,-5.65250e-03,-7.34473e-03,-2.07031e-02,-4.17385e-02,-6.79033e-02,-9.61785e-02,-1.24289e-01,-1.50860e-01,-1.75192e-01,-1.97019e-01,-2.16327e-01,-2.33234e-01,-2.47925e-01,-2.60608e-01,-2.71494e-01,-2.80783e-01,-2.88660e-01,-2.95315e-01
 398447.00,6434075.00,0.00000e+00,0.00000e+00,0.00000e+00,0.00000e+00,0.00000e+00,0.00000e+00,0.00000e+00,0.00000e+00,0.00000e+00,3.14744e-26,3.81382e-27,-7.11353e-26,-2.37823e-25,-3.94916e-25,-2.56398e-25,5.49997e-25,-1.12429e-09,-4.56266e-09,-1.52745e-08,-4.28703e-08,-1.08205e-07,-2.45334e-07,-5.11211e-07,-9.92864e-07,-1.82112e-06,-3.17275e-06,-5.29343e-06,-4.22912e-05,-1.93951e-04,-6.12926e-04,-1.48591e-03,-2.97272e-03,-5.16432e-03,-8.07455e-03,-1.16548e-02,-1.58166e-02,-2.04519e-02,-2.54486e-02,-3.07002e-02,-3.61109e-02,-4.15982e-02,-4.70949e-02,-5.25381e-02
 402431.00,6458011.00,0.00000e+00,0.00000e+00,0.00000e+00,0.00000e+00,0.00000e+00,0.00000e+00,0.00000e+00,0.00000e+00,0.00000e+00,4.81436e-27,8.22658e-27,1.03552e-26,1.36703e-27,-2.63240e-26,-7.00084e-26,-9.96220e-26,-4.71909e-26,1.56468e-25,1.94696e-25,-2.03718e-24,-1.86985e-23,-1.16357e-22,-6.21711e-22,-2.95783e-21,-1.26668e-20,-4.92884e-20,-1.75942e-19,-3.72356e-17,-2.48981e-15,-7.88991e-14,-1.40920e-12,-1.57396e-11,-1.20139e-10,-6.75630e-10,-2.97192e-09,-1.07071e-08,-3.27329e-08,-8.72859e-08,-2.07501e-07,-4.47540e-07,-8.88360e-07,-2.01984e-06,-3.55337e-06
 402721.00,6414346.00,0.00000e+00,0.00000e+00,0.00000e+00,0.00000e+00,0.00000e+00,0.00000e+00,0.00000e+00,0.00000e+00,0.00000e+00,0.00000e+00,0.00000e+00,0.00000e+00,0.00000e+00,0.00000e+00,0.00000e+00,0.00000e+00,5.24677e-27,1.12902e-26,1.14367e-26,-1.14350e-26,-5.52446e-26,-9.32519e-26,-5.17058e-26,2.55848e-26,-1.25530e-24,-1.55159e-23,-1.20262e-22,-3.22234e-19,-8.24675e-17,-5.26031e-15,-1.36652e-13,-1.91068e-12,-1.70329e-11,-1.07895e-10,-5.22578e-10,-2.03926e-09,-6.66749e-09,-1.88259e-08,-4.70146e-08,-1.05858e-07,-2.18263e-07,-4.17385e-07,-2.01654e-06
 399773.00,6456199.00,0.00000e+00,0.00000e+00,0.00000e+00,0.00000e+00,0.00000e+00,0.00000e+00,0.00000e+00,0.00000e+00,0.00000e+00,-1.70869e-24,-4.25284e-24,-6.74423e-24,-4.18236e-24,9.97387e-24,3.51720e-23,3.70643e-23,-1.74629e-22,-1.77256e-21,-1.16973e-20,-6.70735e-20,-3.38408e-19,-1.50900e-18,-6.01705e-18,-2.17332e-17,-7.19433e-17,-2.20471e-16,-6.30897e-16,-5.45407e-14,-1.85202e-12,-3.28911e-11,-3.52858e-10,-2.53855e-09,-1.33227e-08,-5.44478e-08,-1.82029e-07,-5.16701e-07,-1.28149e-06,-2.84017e-06,-5.72707e-06,-1.06611e-05,-1.85400e-05,-3.19422e-05,-5.00637e-05
 401829.00,6460592.00,0.00000e+00,0.00000e+00,0.00000e+00,0.00000e+00,0.00000e+00,0.00000e+00,0.00000e+00,0.00000e+00,0.00000e+00,0.00000e+00,0.00000e+00,0.00000e+00,0.00000e+00,0.00000e+00,0.00000e+00,0.00000e+00,0.00000e+00,0.00000e+00,0.00000e+00,0.00000e+00,0.00000e+00,0.00000e+00,0.00000e+00,0.00000e+00,0.00000e+00,0.00000e+00,0.00000e+00,0.00000e+00,0.00000e+00,0.00000e+00,0.00000e+00,0.00000e+00,0.00000e+00,0.00000e+00,0.00000e+00,0.00000e+00,0.00000e+00,0.00000e+00,0.00000e+00,0.00000e+00,0.00000e+00,-2.07073e-09,-4.71170e-09
 401642.00,6460929.00,0.00000e+00,0.00000e+00,0.00000e+00,0.00000e+00,0.00000e+00,0.00000e+00,0.00000e+00,0.00000e+00,0.00000e+00,0.00000e+00,0.00000e+00,0.00000e+00,0.00000e+00,0.00000e+00,0.00000e+00,0.00000e+00,0.00000e+00,0.00000e+00,0.00000e+00,0.00000e+00,0.00000e+00,0.00000e+00,0.00000e+00,0.00000e+00,0.00000e+00,0.00000e+00,0.00000e+00,0.00000e+00,0.00000e+00,0.00000e+00,0.00000e+00,0.00000e+00,0.00000e+00,0.00000e+00,0.00000e+00,0.00000e+00,0.00000e+00,0.00000e+00,0.00000e+00,0.00000e+00,0.00000e+00,-8.79076e-10,-2.06877e-09
 401931.00,6460932.00,0.00000e+00,0.00000e+00,0.00000e+00,0.00000e+00,0.00000e+00,0.00000e+00,0.00000e+00,0.00000e+00,0.00000e+00,0.00000e+00,0.00000e+00,0.00000e+00,0.00000e+00,0.00000e+00,0.00000e+00,0.00000e+00,0.00000e+00,0.00000e+00,0.00000e+00,0.00000e+00,0.00000e+00,0.00000e+00,0.00000e+00,0.00000e+00,0.00000e+00,0.00000e+00,0.00000e+00,0.00000e+00,0.00000e+00,0.00000e+00,0.00000e+00,0.00000e+00,0.00000e+00,0.00000e+00,0.00000e+00,0.00000e+00,0.00000e+00,0.00000e+00,0.00000e+00,0.00000e+00,0.00000e+00,-9.11737e-10,-2.14253e-09
 399499.00,6420443.00,0.00000e+00,0.00000e+00,0.00000e+00,0.00000e+00,0.00000e+00,0.00000e+00,0.00000e+00,0.00000e+00,0.00000e+00,0.00000e+00,0.00000e+00,0.00000e+00,0.00000e+00,0.00000e+00,0.00000e+00,0.00000e+00,-5.30947e-11,-2.65475e-10,-1.05817e-09,-3.48105e-09,-1.00015e-08,-2.54781e-08,-5.88867e-08,-1.25492e-07,-2.49876e-07,-4.69159e-07,-8.37712e-07,-8.71760e-06,-4.85363e-05,-1.79525e-04,-4.96269e-04,-1.10863e-03,-2.11413e-03,-3.57830e-03,-5.52816e-03,-7.95572e-03,-1.08263e-02,-1.40881e-02,-1.76799e-02,-2.15376e-02,-2.55988e-02,-2.98049e-02,-3.41022e-02
 402272.00,6406827.00,0.00000e+00,0.00000e+00,0.00000e+00,0.00000e+00,0.00000e+00,0.00000e+00,0.00000e+00,0.00000e+00,0.00000e+00,0.00000e+00,0.00000e+00,0.00000e+00,0.00000e+00,0.00000e+00,0.00000e+00,0.00000e+00,0.00000e+00,0.00000e+00,0.00000e+00,0.00000e+00,0.00000e+00,0.00000e+00,0.00000e+00,0.00000e+00,0.00000e+00,0.00000e+00,0.00000e+00,0.00000e+00,0.00000e+00,0.00000e+00,0.00000e+00,0.00000e+00,0.00000e+00,0.00000e+00,0.00000e+00,0.00000e+00,0.00000e+00,0.00000e+00,0.00000e+00,0.00000e+00,0.00000e+00,-5.23882e-28,-1.18301e-14
 402936.00,6408343.00,0.00000e+00,0.00000e+00,0.00000e+00,0.00000e+00,0.00000e+00,0.00000e+00,0.00000e+00,0.00000e+00,0.00000e+00,0.00000e+00,0.00000e+00,0.00000e+00,0.00000e+00,0.00000e+00,0.00000e+00,0.00000e+00,0.00000e+00,0.00000e+00,0.00000e+00,0.00000e+00,0.00000e+00,0.00000e+00,0.00000e+00,0.00000e+00,0.00000e+00,0.00000e+00,0.00000e+00,0.00000e+00,0.00000e+00,0.00000e+00,0.00000e+00,0.00000e+00,0.00000e+00,0.00000e+00,0.00000e+00,0.00000e+00,0.00000e+00,0.00000e+00,0.00000e+00,0.00000e+00,0.00000e+00,1.43503e-27,-8.38652e-13
 399805.00,6434366.00,0.00000e+00,0.00000e+00,0.00000e+00,0.00000e+00,0.00000e+00,0.00000e+00,0.00000e+00,0.00000e+00,0.00000e+00,7.79055e-24,8.38080e-24,1.35983e-23,1.89372e-23,3.16735e-23,5.43130e-23,6.47060e-23,-2.28607e-10,-1.04318e-09,-3.84631e-09,-1.17947e-08,-3.19723e-08,-7.72990e-08,-1.70499e-07,-3.48381e-07,-6.68115e-07,-1.21219e-06,-2.09796e-06,-1.93151e-05,-9.82396e-05,-3.37427e-04,-8.76163e-04,-1.85562e-03,-3.38068e-03,-5.50154e-03,-8.21517e-03,-1.14775e-02,-1.52185e-02,-1.93553e-02,-2.38019e-02,-2.84760e-02,-3.33023e-02,-3.82149e-02,-4.31555e-02
 403861.00,6456639.00,0.00000e+00,0.00000e+00,0.00000e+00,0.00000e+00,0.00000e+00,0.00000e+00,0.00000e+00,0.00000e+00,0.00000e+00,-5.92586e-25,-2.80526e-24,-5.65243e-24,-6.45098e-24,7.45929e-25,1.93710e-23,3.11220e-23,-9.18044e-23,-1.15886e-21,-7.89198e-21,-4.54870e-20,-2.29824e-19,-1.02641e-18,-4.10121e-18,-1.48514e-17,-4.93177e-17,-1.51731e-16,-4.36355e-16,-3.94957e-14,-1.43906e-12,-2.71762e-11,-3.03228e-10,-2.22885e-09,-1.18180e-08,-4.84782e-08,-1.62074e-07,-4.59142e-07,-1.13534e-06,-2.50773e-06,-5.03942e-06,-9.35048e-06,-1.62124e-05,-2.80000e-05,-4.38189e-05
 403134.00,6420263.00,0.00000e+00,0.00000e+00,0.00000e+00,0.00000e+00,0.00000e+00,0.00000e+00,0.00000e+00,0.00000e+00,0.00000e+00,0.00000e+00,0.00000e+00,0.00000e+00,0.00000e+00,0.00000e+00,0.00000e+00,0.00000e+00,-5.59173e-13,-3.97125e-12,-2.10792e-11,-8.91286e-11,-3.16420e-10,-9.71496e-10,-2.64754e-09,-6.53217e-09,-1.48207e-08,-3.13029e-08,-6.21670e-08,-9.72529e-07,-7.19035e-06,-3.31566e-05,-1.09677e-04,-2.84106e-04,-6.12627e-04,-1.14908e-03,-1.93571e-03,-2.99843e-03,-4.34623e-03,-5.97339e-03,-7.86284e-03,-9.98976e-03,-1.23247e-02,-1.48362e-02,-1.74926e-02
 400204.00,6457682.00,0.00000e+00,0.00000e+00,0.00000e+00,0.00000e+00,0.00000e+00,0.00000e+00,0.00000e+00,0.00000e+00,0.00000e+00,6.37880e-27,7.84378e-27,5.57062e-27,-1.29600e-26,-5.13776e-26,-9.47574e-26,-9.16889e-26,4.49702e-26,3.54888e-25,3.14004e-25,-3.15678e-24,-2.74614e-23,-1.67402e-22,-8.86996e-22,-4.19957e-21,-1.79114e-20,-6.94194e-20,-2.46807e-19,-5.09765e-17,-3.27824e-15,-9.91752e-14,-1.70446e-12,-1.85453e-11,-1.39263e-10,-7.75622e-10,-3.39311e-09,-1.21901e-08,-3.72235e-08,-9.92473e-08,-2.36050e-07,-5.09537e-07,-1.01243e-06,-2.28678e-06,-4.02181e-06
 399851.00,6456231.00,0.00000e+00,0.00000e+00,0.00000e+00,0.00000e+00,0.00000e+00,0.00000e+00,0.00000e+00,0.00000e+00,0.00000e+00,-1.60558e-24,-4.08117e-24,-6.56505e-24,-4.30809e-24,9.10187e-24,3.35722e-23,3.72359e-23,-1.57251e-22,-1.63997e-21,-1.08608e-20,-6.24222e-20,-3.15738e-19,-1.41142e-18,-5.64094e-18,-2.04179e-17,-6.77209e-17,-2.07908e-16,-5.95961e-16,-5.19108e-14,-1.77450e-12,-3.16902e-11,-3.41423e-10,-2.46406e-09,-1.29626e-08,-5.30741e-08,-1.77700e-07,-5.05031e-07,-1.25385e-06,-2.78140e-06,-5.61296e-06,-1.04558e-05,-1.81942e-05,-3.14160e-05,-4.92701e-05
 403228.00,6413304.00,0.00000e+00,0.00000e+00,0.00000e+00,0.00000e+00,0.00000e+00,0.00000e+00,0.00000e+00,0.00000e+00,0.00000e+00,0.00000e+00,0.00000e+00,0.00000e+00,0.00000e+00,0.00000e+00,0.00000e+00,0.00000e+00,0.00000e+00,0.00000e+00,0.00000e+00,0.00000e+00,0.00000e+00,0.00000e+00,0.00000e+00,0.00000e+00,0.00000e+00,0.00000e+00,0.00000e+00,0.00000e+00,0.00000e+00,0.00000e+00,0.00000e+00,0.00000e+00,0.00000e+00,0.00000e+00,0.00000e+00,0.00000e+00,0.00000e+00,0.00000e+00,0.00000e+00,0.00000e+00,0.00000e+00,-6.45177e-24,-1.78581e-07
 401881.00,6460685.00,0.00000e+00,0.00000e+00,0.00000e+00,0.00000e+00,0.00000e+00,0.00000e+00,0.00000e+00,0.00000e+00,0.00000e+00,0.00000e+00,0.00000e+00,0.00000e+00,0.00000e+00,0.00000e+00,0.00000e+00,0.00000e+00,0.00000e+00,0.00000e+00,0.00000e+00,0.00000e+00,0.00000e+00,0.00000e+00,0.00000e+00,0.00000e+00,0.00000e+00,0.00000e+00,0.00000e+00,0.00000e+00,0.00000e+00,0.00000e+00,0.00000e+00,0.00000e+00,0.00000e+00,0.00000e+00,0.00000e+00,0.00000e+00,0.00000e+00,0.00000e+00,0.00000e+00,0.00000e+00,0.00000e+00,-1.66287e-09,-3.81626e-09
 401183.00,6459539.00,0.00000e+00,0.00000e+00,0.00000e+00,0.00000e+00,0.00000e+00,0.00000e+00,0.00000e+00,0.00000e+00,0.00000e+00,0.00000e+00,0.00000e+00,0.00000e+00,0.00000e+00,0.00000e+00,0.00000e+00,0.00000e+00,0.00000e+00,0.00000e+00,0.00000e+00,0.00000e+00,0.00000e+00,0.00000e+00,0.00000e+00,0.00000e+00,0.00000e+00,0.00000e+00,0.00000e+00,0.00000e+00,0.00000e+00,0.00000e+00,0.00000e+00,0.00000e+00,0.00000e+00,0.00000e+00,0.00000e+00,0.00000e+00,0.00000e+00,0.00000e+00,0.00000e+00,0.00000e+00,0.00000e+00,-2.19238e-08,-4.54437e-08
 399895.00,6446100.00,-1.21692e-15,-1.56478e-09,-2.29528e-07,-3.35230e-06,-1.92003e-05,-6.84775e-05,-1.84283e-04,-4.10557e-04,-7.98104e-04,-1.40036e-03,-2.26932e-03,-3.45451e-03,-5.00164e-03,-6.95101e-03,-9.36171e-03,-1.23670e-02,-1.61733e-02,-2.09949e-02,-2.70328e-02,-3.44958e-02,-4.35617e-02,-5.43330e-02,-6.68023e-02,-8.08499e-02,-9.63006e-02,-1.12967e-01,-1.30671e-01,-2.29142e-01,-3.25149e-01,-3.95117e-01,-4.38918e-01,-4.64154e-01,-4.77225e-01,-4.82412e-01,-4.82459e-01,-4.79130e-01,-4.73580e-01,-4.66576e-01,-4.58642e-01,-4.50138e-01,-4.41315e-01,-4.32338e-01,-4.23347e-01
 401423.00,6426930.00,0.00000e+00,0.00000e+00,0.00000e+00,0.00000e+00,0.00000e+00,0.00000e+00,0.00000e+00,-1.32628e-02,-7.72318e-02,-1.72753e-01,-2.80180e-01,-3.80830e-01,-5.26769e-01,-6.94756e-01,-8.48546e-01,-1.02331e+00,-1.36113e+00,-1.70169e+00,-1.95499e+00,-2.15901e+00,-2.33382e+00,-2.46264e+00,-2.56389e+00,-2.64497e+00,-2.70441e+00,-2.74995e+00,-2.76682e+00,-2.66303e+00,-2.47810e+00,-2.29444e+00,-2.12814e+00,-1.98120e+00,-1.85195e+00,-1.73802e+00,-1.63713e+00,-1.54730e+00,-1.46686e+00,-1.39445e+00,-1.32892e+00,-1.26941e+00,-1.21515e+00,-1.16504e+00,-1.11913e+00
 404884.00,6445501.00,-7.08236e-09,-1.18154e-05,-1.86328e-04,-8.81657e-04,-2.55854e-03,-5.70366e-03,-1.07038e-02,-1.77917e-02,-2.70672e-02,-3.85419e-02,-5.22005e-02,-6.79140e-02,-8.53713e-02,-1.04187e-01,-1.24016e-01,-1.44580e-01,-1.65589e-01,-1.86729e-01,-2.07729e-01,-2.28411e-01,-2.48631e-01,-2.68240e-01,-2.87124e-01,-3.05221e-01,-3.22522e-01,-3.39067e-01,-3.54927e-01,-4.25490e-01,-4.81125e-01,-5.21111e-01,-5.46811e-01,-5.60915e-01,-5.66320e-01,-5.65506e-01,-5.60390e-01,-5.52379e-01,-5.42479e-01,-5.31402e-01,-5.19649e-01,-5.07569e-01,-4.95404e-01,-4.83304e-01,-4.71434e-01
 401122.00,6444326.00,-9.24873e-07,-1.24777e-04,-9.69077e-04,-3.30307e-03,-7.90154e-03,-1.53448e-02,-2.58709e-02,-3.94688e-02,-5.60011e-02,-7.53449e-02,-9.73601e-02,-1.21647e-01,-1.49012e-01,-1.84960e-01,-2.30958e-01,-2.82921e-01,-3.39913e-01,-4.05760e-01,-4.76201e-01,-5.48308e-01,-6.17822e-01,-6.81051e-01,-7.40398e-01,-7.96652e-01,-8.49853e-01,-9.00512e-01,-9.47701e-01,-1.10071e+00,-1.08883e+00,-1.03858e+00,-9.83165e-01,-9.30070e-01,-8.81016e-01,-8.36170e-01,-7.95259e-01,-7.57905e-01,-7.23727e-01,-6.92373e-01,-6.63532e-01,-6.36928e-01,-6.12323e-01,-5.89455e-01,-5.68265e-01
 401146.00,6444480.00,-7.30288e-06,-3.88191e-04,-2.15939e-03,-6.29488e-03,-1.36876e-02,-2.47972e-02,-3.96379e-02,-5.80013e-02,-7.96176e-02,-1.04332e-01,-1.31927e-01,-1.61671e-01,-1.97885e-01,-2.50332e-01,-3.16446e-01,-3.87354e-01,-4.66048e-01,-5.57261e-01,-6.50994e-01,-7.43026e-01,-8.25995e-01,-8.97810e-01,-9.65257e-01,-1.02866e+00,-1.08826e+00,-1.14441e+00,-1.19529e+00,-1.31897e+00,-1.24674e+00,-1.15891e+00,-1.07889e+00,-1.00863e+00,-9.46979e-01,-8.92537e-01,-8.44101e-01,-8.00707e-01,-7.61591e-01,-7.26140e-01,-6.93853e-01,-6.64320e-01,-6.37204e-01,-6.12135e-01,-5.89047e-01
 399862.00,6446023.00,-8.13416e-16,-1.25507e-09,-1.96941e-07,-2.97051e-06,-1.73350e-05,-6.25916e-05,-1.69971e-04,-3.81376e-04,-7.45730e-04,-1.31492e-03,-2.13989e-03,-3.26934e-03,-4.74852e-03,-6.61734e-03,-8.93170e-03,-1.18158e-02,-1.54651e-02,-2.00868e-02,-2.58762e-02,-3.30365e-02,-4.17440e-02,-5.21055e-02,-6.41237e-02,-7.76930e-02,-9.26495e-02,-1.08815e-01,-1.26016e-01,-2.22098e-01,-3.16594e-01,-3.86245e-01,-4.30345e-01,-4.56110e-01,-4.69767e-01,-4.75531e-01,-4.76118e-01,-4.73285e-01,-4.68184e-01,-4.61587e-01,-4.54020e-01,-4.45847e-01,-4.37322e-01,-4.28656e-01,-4.19884e-01
 400610.00,6419041.00,0.00000e+00,0.00000e+00,0.00000e+00,0.00000e+00,0.00000e+00,0.00000e+00,0.00000e+00,0.00000e+00,0.00000e+00,0.00000e+00,0.00000e+00,0.00000e+00,0.00000e+00,0.00000e+00,0.00000e+00,0.00000e+00,-2.24723e-15,-2.33150e-14,-1.71489e-13,-9.52942e-13,-4.27228e-12,-1.61112e-11,-5.27124e-11,-1.53174e-10,-4.02692e-10,-9.72063e-10,-2.18041e-09,-5.49641e-08,-5.69319e-07,-3.41608e-06,-1.40663e-05,-4.39121e-05,-1.11164e-04,-2.39493e-04,-4.54995e-04,-7.82724e-04,-1.24385e-03,-1.85394e-03,-2.62228e-03,-3.55209e-03,-4.64126e-03,-5.88330e-03,-7.26837e-03
 401169.00,6445223.00,-1.95475e-04,-3.18963e-03,-1.07708e-02,-2.41780e-02,-4.38472e-02,-6.90017e-02,-9.87763e-02,-1.32474e-01,-1.69757e-01,-2.10764e-01,-2.53975e-01,-2.97842e-01,-3.78311e-01,-5.08004e-01,-6.49642e-01,-7.85681e-01,-9.58473e-01,-1.14200e+00,-1.31526e+00,-1.46647e+00,-1.57436e+00,-1.66645e+00,-1.75614e+00,-1.83810e+00,-1.91669e+00,-1.98570e+00,-2.04290e+00,-1.99117e+00,-1.70473e+00,-1.49731e+00,-1.34287e+00,-1.22232e+00,-1.12460e+00,-1.04314e+00,-9.73785e-01,-9.13782e-01,-8.61206e-01,-8.14664e-01,-7.73107e-01,-7.35649e-01,-7.02182e-01,-6.71187e-01,-6.43771e-01
 400652.00,6444553.00,-2.67599e-08,-1.34766e-05,-1.50417e-04,-6.25511e-04,-1.71863e-03,-3.72942e-03,-6.91043e-03,-1.14414e-02,-1.74339e-02,-2.49368e-02,-3.40456e-02,-4.46988e-02,-5.68840e-02,-7.18930e-02,-9.16795e-02,-1.16621e-01,-1.46029e-01,-1.80620e-01,-2.20559e-01,-2.64723e-01,-3.11569e-01,-3.58865e-01,-4.05464e-01,-4.51212e-01,-4.95937e-01,-5.39607e-01,-5.82035e-01,-7.59042e-01,-8.24083e-01,-8.27992e-01,-8.09764e-01,-7.83627e-01,-7.55079e-01,-7.26399e-01,-6.98569e-01,-6.72008e-01,-6.46868e-01,-6.23174e-01,-6.00890e-01,-5.79947e-01,-5.60266e-01,-5.41721e-01,-5.24314e-01
 401532.00,6444000.00,-1.77526e-06,-2.83846e-04,-2.04523e-03,-6.53049e-03,-1.48686e-02,-2.76961e-02,-4.50197e-02,-6.65138e-02,-9.17573e-02,-1.20428e-01,-1.52183e-01,-1.85963e-01,-2.20901e-01,-2.58694e-01,-3.01048e-01,-3.46872e-01,-3.94791e-01,-4.46087e-01,-5.00024e-01,-5.55226e-01,-6.09548e-01,-6.60411e-01,-7.07810e-01,-7.52253e-01,-7.93937e-01,-8.33268e-01,-8.70132e-01,-1.00484e+00,-1.02283e+00,-9.94851e-01,-9.53712e-01,-9.09750e-01,-8.66648e-01,-8.25772e-01,-7.87573e-01,-7.52113e-01,-7.19285e-01,-6.88912e-01,-6.60794e-01,-6.34734e-01,-6.10544e-01,-5.87965e-01,-5.67034e-01
 401944.00,6443867.00,-2.09383e-05,-1.30490e-03,-6.67916e-03,-1.79448e-02,-3.65026e-02,-6.23137e-02,-9.44129e-02,-1.31729e-01,-1.73396e-01,-2.18998e-01,-2.67457e-01,-3.16179e-01,-3.63383e-01,-4.09130e-01,-4.54683e-01,-4.99828e-01,-5.43438e-01,-5.85670e-01,-6.27664e-01,-6.69225e-01,-7.09183e-01,-7.46371e-01,-7.80367e-01,-8.11517e-01,-8.40234e-01,-8.66943e-01,-8.91936e-01,-9.90215e-01,-1.01543e+00,-9.96466e-01,-9.60754e-01,-9.19547e-01,-8.77607e-01,-8.37002e-01,-7.98595e-01,-7.62683e-01,-7.29289e-01,-6.98311e-01,-6.69590e-01,-6.42948e-01,-6.18210e-01,-5.95114e-01,-5.73715e-01
 401228.00,6444142.00,-2.09591e-07,-7.58916e-05,-7.43786e-04,-2.77029e-03,-6.94275e-03,-1.39009e-02,-2.39465e-02,-3.71047e-02,-5.32492e-02,-7.22107e-02,-9.39218e-02,-1.17917e-01,-1.44092e-01,-1.75368e-01,-2.13610e-01,-2.57058e-01,-3.04384e-01,-3.57707e-01,-4.15295e-01,-4.75085e-01,-5.34374e-01,-5.90064e-01,-6.42626e-01,-6.92571e-01,-7.39938e-01,-7.85079e-01,-8.27611e-01,-9.80929e-01,-9.98683e-01,-9.69934e-01,-9.29174e-01,-8.86369e-01,-8.44801e-01,-8.05578e-01,-7.69010e-01,-7.35089e-01,-7.03678e-01,-6.74593e-01,-6.47638e-01,-6.22623e-01,-5.99370e-01,-5.77678e-01,-5.57477e-01
 401254.00,6444173.00,-3.91336e-07,-1.09539e-04,-9.79523e-04,-3.48406e-03,-8.48777e-03,-1.66416e-02,-2.81929e-02,-4.30952e-02,-6.11592e-02,-8.22047e-02,-1.06066e-01,-1.32232e-01,-1.60770e-01,-1.95423e-01,-2.37932e-01,-2.85709e-01,-3.37482e-01,-3.95952e-01,-4.58537e-01,-5.22942e-01,-5.85933e-01,-6.44179e-01,-6.98822e-01,-7.50533e-01,-7.99390e-01,-8.45839e-01,-8.89314e-01,-1.03913e+00,-1.04402e+00,-1.00592e+00,-9.58599e-01,-9.10994e-01,-8.65781e-01,-8.23707e-01,-7.84857e-01,-7.49073e-01,-7.16120e-01,-6.85740e-01,-6.57687e-01,-6.31731e-01,-6.07667e-01,-5.85252e-01,-5.64446e-01
 401280.00,6444204.00,-7.18064e-07,-1.56796e-04,-1.28293e-03,-4.36435e-03,-1.03429e-02,-1.98654e-02,-3.31060e-02,-4.99342e-02,-7.00923e-02,-9.33752e-02,-1.19550e-01,-1.48028e-01,-1.79167e-01,-2.17662e-01,-2.64927e-01,-3.17392e-01,-3.74035e-01,-4.38148e-01,-5.06100e-01,-5.75334e-01,-6.41993e-01,-7.02645e-01,-7.59289e-01,-8.12699e-01,-8.62976e-01,-9.10642e-01,-9.54938e-01,-1.09960e+00,-1.09026e+00,-1.04233e+00,-9.88220e-01,-9.35701e-01,-8.86780e-01,-8.41819e-01,-8.00663e-01,-7.63004e-01,-7.28501e-01,-6.96822e-01,-6.67669e-01,-6.40773e-01,-6.15896e-01,-5.92772e-01,-5.71362e-01
 401306.00,6444235.00,-1.29417e-06,-2.22555e-04,-1.67097e-03,-5.44496e-03,-1.25615e-02,-2.36437e-02,-3.87714e-02,-5.77179e-02,-8.01522e-02,-1.05858e-01,-1.34539e-01,-1.65433e-01,-1.99448e-01,-2.42315e-01,-2.94871e-01,-3.52410e-01,-4.14422e-01,-4.84713e-01,-5.58380e-01,-6.32597e-01,-7.02850e-01,-7.65754e-01,-8.24310e-01,-8.79301e-01,-9.30904e-01,-9.79701e-01,-1.02471e+00,-1.16228e+00,-1.13734e+00,-1.07911e+00,-1.01800e+00,-9.60462e-01,-9.07776e-01,-8.59895e-01,-8.16416e-01,-7.76871e-01,-7.40811e-01,-7.07832e-01,-6.77578e-01,-6.49742e-01,-6.24056e-01,-6.00162e-01,-5.78141e-01
 401332.00,6444235.00,-1.64543e-06,-2.63888e-04,-1.91099e-03,-6.10809e-03,-1.39166e-02,-2.59434e-02,-4.22106e-02,-6.24331e-02,-8.62360e-02,-1.13354e-01,-1.43530e-01,-1.75872e-01,-2.11427e-01,-2.56181e-01,-3.10726e-01,-3.70045e-01,-4.33846e-01,-5.06011e-01,-5.81315e-01,-6.56829e-01,-7.27836e-01,-7.91076e-01,-8.49890e-01,-9.05027e-01,-9.56666e-01,-1.00540e+00,-1.05022e+00,-1.18408e+00,-1.15400e+00,-1.09244e+00,-1.02904e+00,-9.69799e-01,-9.15802e-01,-8.66878e-01,-8.22552e-01,-7.82308e-01,-7.45662e-01,-7.12188e-01,-6.81512e-01,-6.53312e-01,-6.27311e-01,-6.03243e-01,-5.80976e-01
 401366.00,6444296.00,-4.21770e-06,-4.56894e-04,-2.88851e-03,-8.63450e-03,-1.88563e-02,-3.40392e-02,-5.39797e-02,-7.82033e-02,-1.06212e-01,-1.37718e-01,-1.72367e-01,-2.08953e-01,-2.50384e-01,-3.04642e-01,-3.70081e-01,-4.39333e-01,-5.14359e-01,-5.99149e-01,-6.85722e-01,-7.70593e-01,-8.47435e-01,-9.14099e-01,-9.76097e-01,-1.03390e+00,-1.08784e+00,-1.13841e+00,-1.18419e+00,-1.29936e+00,-1.23781e+00,-1.15682e+00,-1.08061e+00,-1.01236e+00,-9.51676e-01,-8.97620e-01,-8.49242e-01,-8.05730e-01,-7.66404e-01,-7.30697e-01,-6.98140e-01,-6.68337e-01,-6.40961e-01,-6.15668e-01,-5.92359e-01
 401304.00,6444389.00,-7.85170e-06,-5.32680e-04,-3.09234e-03,-8.97106e-03,-1.92777e-02,-3.44363e-02,-5.42269e-02,-7.81898e-02,-1.05856e-01,-1.36984e-01,-1.71242e-01,-2.07465e-01,-2.51299e-01,-3.12467e-01,-3.86274e-01,-4.63226e-01,-5.48527e-01,-6.45280e-01,-7.42713e-01,-8.36633e-01,-9.19031e-01,-9.89575e-01,-1.05571e+00,-1.11739e+00,-1.17511e+00,-1.22895e+00,-1.27713e+00,-1.37861e+00,-1.29092e+00,-1.19492e+00,-1.10945e+00,-1.03508e+00,-9.70131e-01,-9.12968e-01,-8.62251e-01,-8.16925e-01,-7.76159e-01,-7.39289e-01,-7.05775e-01,-6.75175e-01,-6.47125e-01,-6.21256e-01,-5.97443e-01
 401207.00,6444274.00,-9.35431e-07,-1.50235e-04,-1.18709e-03,-4.01633e-03,-9.51661e-03,-1.83057e-02,-3.05779e-02,-4.62456e-02,-6.50958e-02,-8.69496e-02,-1.11640e-01,-1.38627e-01,-1.68732e-01,-2.07503e-01,-2.56133e-01,-3.10315e-01,-3.69277e-01,-4.36822e-01,-5.08449e-01,-5.81263e-01,-6.50931e-01,-7.13907e-01,-7.72832e-01,-8.28478e-01,-8.80922e-01,-9.30700e-01,-9.76884e-01,-1.12336e+00,-1.10661e+00,-1.05356e+00,-9.96181e-01,-9.41535e-01,-8.91190e-01,-8.45246e-01,-8.03393e-01,-7.65226e-01,-7.30343e-01,-6.98375e-01,-6.68997e-01,-6.41922e-01,-6.16903e-01,-5.93660e-01,-5.72146e-01
 401175.00,6444265.00,-6.46566e-07,-1.16303e-04,-9.68500e-04,-3.37412e-03,-8.14868e-03,-1.59052e-02,-2.68865e-02,-4.10655e-02,-5.82814e-02,-7.83808e-02,-1.01229e-01,-1.26371e-01,-1.54347e-01,-1.90054e-01,-2.35052e-01,-2.85763e-01,-3.41120e-01,-4.04574e-01,-4.72433e-01,-5.41975e-01,-6.09298e-01,-6.70829e-01,-7.28552e-01,-7.83217e-01,-8.34877e-01,-8.84027e-01,-9.29871e-01,-1.08135e+00,-1.07483e+00,-1.02853e+00,-9.75738e-01,-9.24411e-01,-8.76578e-01,-8.32600e-01,-7.92325e-01,-7.55448e-01,-7.21636e-01,-6.90569e-01,-6.61956e-01,-6.35537e-01,-6.11086e-01,-5.88400e-01,-5.67313e-01
 401444.00,6426228.00,0.00000e+00,0.00000e+00,0.00000e+00,0.00000e+00,0.00000e+00,0.00000e+00,0.00000e+00,-1.64977e-01,-3.64545e-01,-5.66310e-01,-6.50383e-01,-8.95601e-01,-1.18168e+00,-1.38409e+00,-1.47184e+00,-2.20221e+00,-2.80349e+00,-2.98595e+00,-3.08752e+00,-3.22657e+00,-3.26505e+00,-3.28586e+00,-3.31305e+00,-3.30553e+00,-3.31087e+00,-3.25223e+00,-3.17377e+00,-2.82465e+00,-2.54013e+00,-2.30802e+00,-2.11669e+00,-1.95648e+00,-1.82030e+00,-1.70300e+00,-1.60078e+00,-1.51083e+00,-1.43099e+00,-1.35959e+00,-1.29531e+00,-1.23712e+00,-1.18412e+00,-1.13564e+00,-1.09114e+00
 401700.00,6426741.00,0.00000e+00,0.00000e+00,0.00000e+00,0.00000e+00,0.00000e+00,0.00000e+00,0.00000e+00,-3.84603e-03,-3.26898e-02,-8.40046e-02,-1.49572e-01,-2.14593e-01,-3.01952e-01,-4.09111e-01,-5.17876e-01,-6.28922e-01,-8.22893e-01,-1.05000e+00,-1.24714e+00,-1.41525e+00,-1.56594e+00,-1.69077e+00,-1.79502e+00,-1.88417e+00,-1.95796e+00,-2.01983e+00,-2.06392e+00,-2.11304e+00,-2.04575e+00,-1.94651e+00,-1.84194e+00,-1.74130e+00,-1.64769e+00,-1.56180e+00,-1.48339e+00,-1.41187e+00,-1.34658e+00,-1.28684e+00,-1.23205e+00,-1.18167e+00,-1.13517e+00,-1.09216e+00,-1.05230e+00
 400932.00,6425503.00,0.00000e+00,0.00000e+00,0.00000e+00,0.00000e+00,0.00000e+00,0.00000e+00,0.00000e+00,-1.22699e-01,-3.13453e-01,-5.14909e-01,-6.34182e-01,-8.44612e-01,-1.12696e+00,-1.35392e+00,-1.47774e+00,-2.05071e+00,-2.68979e+00,-2.98078e+00,-3.12118e+00,-3.26561e+00,-3.33258e+00,-3.35503e+00,-3.37613e+00,-3.36923e+00,-3.36203e+00,-3.31099e+00,-3.22856e+00,-2.83229e+00,-2.51960e+00,-2.27427e+00,-2.07711e+00,-1.91485e+00,-1.77858e+00,-1.66221e+00,-1.56147e+00,-1.47325e+00,-1.39522e+00,-1.32564e+00,-1.26313e+00,-1.20664e+00,-1.15531e+00,-1.10824e+00,-1.06513e+00
 400517.00,6425167.00,0.00000e+00,0.00000e+00,0.00000e+00,0.00000e+00,0.00000e+00,0.00000e+00,0.00000e+00,-2.63648e-02,-9.59777e-02,-1.82365e-01,-2.61394e-01,-3.46871e-01,-4.75467e-01,-6.06359e-01,-7.10588e-01,-8.94542e-01,-1.20018e+00,-1.43806e+00,-1.59414e+00,-1.72906e+00,-1.84141e+00,-1.92066e+00,-1.98771e+00,-2.04121e+00,-2.08284e+00,-2.11066e+00,-2.11615e+00,-2.04524e+00,-1.92947e+00,-1.81173e+00,-1.70251e+00,-1.60386e+00,-1.51538e+00,-1.43600e+00,-1.36457e+00,-1.30003e+00,-1.24147e+00,-1.18810e+00,-1.13926e+00,-1.09441e+00,-1.05308e+00,-1.01480e+00,-9.79263e-01
 402330.00,6445171.00,-7.26191e-01,-1.10749e+00,-1.77650e+00,-2.23114e+00,-2.54478e+00,-2.84654e+00,-3.11931e+00,-3.44035e+00,-3.81117e+00,-3.59574e+00,-3.49631e+00,-3.41205e+00,-3.53491e+00,-3.39395e+00,-3.21128e+00,-2.97566e+00,-3.03808e+00,-3.03250e+00,-2.79367e+00,-2.68532e+00,-2.59986e+00,-2.52778e+00,-2.47387e+00,-2.43366e+00,-2.40450e+00,-2.38278e+00,-2.36310e+00,-2.19309e+00,-1.93145e+00,-1.71781e+00,-1.54466e+00,-1.40257e+00,-1.28427e+00,-1.18441e+00,-1.09905e+00,-1.02528e+00,-9.60883e-01,-9.04178e-01,-8.53878e-01,-8.08941e-01,-7.68497e-01,-7.32017e-01,-6.99080e-01
 402291.00,6445382.00,-3.92927e-01,-6.70059e-01,-1.09677e+00,-1.43810e+00,-1.69644e+00,-1.93581e+00,-2.15546e+00,-2.39756e+00,-2.67036e+00,-2.63339e+00,-2.60652e+00,-2.58141e+00,-2.68549e+00,-2.69231e+00,-2.66176e+00,-2.58510e+00,-2.67712e+00,-2.76091e+00,-2.70952e+00,-2.69272e+00,-2.66781e+00,-2.64426e+00,-2.63348e+00,-2.62974e+00,-2.63319e+00,-2.63665e+00,-2.63388e+00,-2.39999e+00,-2.03343e+00,-1.77312e+00,-1.57772e+00,-1.42390e+00,-1.29890e+00,-1.19494e+00,-1.10694e+00,-1.03138e+00,-9.65730e-01,-9.08115e-01,-8.57143e-01,-8.11696e-01,-7.70820e-01,-7.34039e-01,-7.01085e-01
 401765.00,6445512.00,-2.56375e-03,-1.83885e-02,-4.69733e-02,-9.06951e-02,-1.46180e-01,-2.09140e-01,-2.77281e-01,-3.49243e-01,-4.25385e-01,-5.05671e-01,-5.82710e-01,-6.55569e-01,-8.88372e-01,-1.22373e+00,-1.49133e+00,-1.71598e+00,-2.10474e+00,-2.41419e+00,-2.67675e+00,-2.85103e+00,-2.88905e+00,-2.97084e+00,-3.06043e+00,-3.13290e+00,-3.21582e+00,-3.26408e+00,-3.29271e+00,-2.68202e+00,-2.11047e+00,-1.78509e+00,-1.56504e+00,-1.40196e+00,-1.27413e+00,-1.17011e+00,-1.08323e+00,-1.00925e+00,-9.45294e-01,-8.89337e-01,-8.39905e-01,-7.95857e-01,-7.56266e-01,-7.20643e-01,-6.88779e-01
 402321.00,6444431.00,-4.89018e-02,-1.63522e-01,-3.16899e-01,-5.06278e-01,-6.96440e-01,-8.77837e-01,-1.05213e+00,-1.22381e+00,-1.40165e+00,-1.54886e+00,-1.63834e+00,-1.69894e+00,-1.75355e+00,-1.80320e+00,-1.82743e+00,-1.82645e+00,-1.82279e+00,-1.83654e+00,-1.83989e+00,-1.82663e+00,-1.81175e+00,-1.79575e+00,-1.78060e+00,-1.76827e+00,-1.75899e+00,-1.75297e+00,-1.74906e+00,-1.72241e+00,-1.60531e+00,-1.47446e+00,-1.35444e+00,-1.24903e+00,-1.15731e+00,-1.07743e+00,-1.00753e+00,-9.45977e-01,-8.91440e-01,-8.42818e-01,-7.99219e-01,-7.59910e-01,-7.24295e-01,-6.91957e-01,-6.62320e-01
 401258.00,6444570.00,-5.03632e-05,-1.27285e-03,-5.41046e-03,-1.37559e-02,-2.72651e-02,-4.59818e-02,-6.94320e-02,-9.70380e-02,-1.28337e-01,-1.63194e-01,-2.01063e-01,-2.40498e-01,-2.98614e-01,-3.86326e-01,-4.86057e-01,-5.84974e-01,-7.02812e-01,-8.31871e-01,-9.56757e-01,-1.07086e+00,-1.16124e+00,-1.23824e+00,-1.31213e+00,-1.38048e+00,-1.44515e+00,-1.50381e+00,-1.55449e+00,-1.59456e+00,-1.43492e+00,-1.29990e+00,-1.19047e+00,-1.10007e+00,-1.02376e+00,-9.58164e-01,-9.00977e-01,-8.50553e-01,-8.05684e-01,-7.65452e-01,-7.29142e-01,-6.96187e-01,-6.66136e-01,-6.38571e-01,-6.13259e-01
 401291.00,6445088.00,-1.09549e-03,-9.00395e-03,-2.42025e-02,-4.83827e-02,-8.04338e-02,-1.18357e-01,-1.60938e-01,-2.07346e-01,-2.57621e-01,-3.11908e-01,-3.66398e-01,-4.19861e-01,-5.71570e-01,-7.86597e-01,-9.67532e-01,-1.13093e+00,-1.39812e+00,-1.61911e+00,-1.81929e+00,-1.96874e+00,-2.03603e+00,-2.12725e+00,-2.21691e+00,-2.29333e+00,-2.37397e+00,-2.43139e+00,-2.47591e+00,-2.19942e+00,-1.82553e+00,-1.58315e+00,-1.40941e+00,-1.27633e+00,-1.16970e+00,-1.08153e+00,-1.00695e+00,-9.42757e-01,-8.86760e-01,-8.37375e-01,-7.93444e-01,-7.54069e-01,-7.18473e-01,-6.86119e-01,-6.57336e-01
 400597.00,6420147.00,0.00000e+00,0.00000e+00,0.00000e+00,0.00000e+00,0.00000e+00,0.00000e+00,0.00000e+00,0.00000e+00,0.00000e+00,0.00000e+00,0.00000e+00,0.00000e+00,0.00000e+00,0.00000e+00,0.00000e+00,0.00000e+00,-1.40924e-11,-7.75295e-11,-3.34383e-10,-1.17997e-09,-3.59505e-09,-9.64841e-09,-2.33543e-08,-5.18632e-08,-1.07130e-07,-2.07938e-07,-3.82620e-07,-4.47067e-06,-2.70171e-05,-1.06595e-04,-3.10634e-04,-7.24799e-04,-1.43296e-03,-2.49957e-03,-3.96091e-03,-5.82466e-03,-8.07476e-03,-1.06780e-02,-1.35905e-02,-1.67634e-02,-2.01466e-02,-2.36915e-02,-2.73523e-02
 401445.00,6424619.00,0.00000e+00,0.00000e+00,0.00000e+00,0.00000e+00,0.00000e+00,0.00000e+00,0.00000e+00,-7.39818e-07,-1.82745e-04,-1.51865e-03,-5.13114e-03,-1.16473e-02,-2.09856e-02,-3.35965e-02,-5.01198e-02,-7.04138e-02,-9.42437e-02,-1.24201e-01,-1.62033e-01,-2.06262e-01,-2.54501e-01,-3.05000e-01,-3.56096e-01,-4.06466e-01,-4.55272e-01,-5.02044e-01,-5.46363e-01,-7.19893e-01,-8.18441e-01,-8.68597e-01,-8.90444e-01,-8.95677e-01,-8.91010e-01,-8.80392e-01,-8.66215e-01,-8.49966e-01,-8.32589e-01,-8.14690e-01,-7.96667e-01,-7.78777e-01,-7.61189e-01,-7.44010e-01,-7.27238e-01
 401928.00,6426072.00,0.00000e+00,0.00000e+00,0.00000e+00,0.00000e+00,0.00000e+00,0.00000e+00,0.00000e+00,-1.42516e-03,-1.52060e-02,-4.32111e-02,-8.23120e-02,-1.24292e-01,-1.78453e-01,-2.46538e-01,-3.19998e-01,-3.95238e-01,-5.12312e-01,-6.58751e-01,-7.99432e-01,-9.26670e-01,-1.04421e+00,-1.14765e+00,-1.23766e+00,-1.31699e+00,-1.38572e+00,-1.44559e+00,-1.49400e+00,-1.60273e+00,-1.60110e+00,-1.55885e+00,-1.50192e+00,-1.44093e+00,-1.38048e+00,-1.32253e+00,-1.26784e+00,-1.21664e+00,-1.16888e+00,-1.12437e+00,-1.08289e+00,-1.04421e+00,-1.00810e+00,-9.74316e-01,-9.42670e-01
 402113.00,6425889.00,0.00000e+00,0.00000e+00,0.00000e+00,0.00000e+00,0.00000e+00,0.00000e+00,0.00000e+00,-8.87014e-05,-2.75339e-03,-1.14568e-02,-2.70961e-02,-4.79977e-02,-7.40611e-02,-1.07945e-01,-1.48866e-01,-1.93693e-01,-2.49204e-01,-3.23859e-01,-4.09932e-01,-4.98045e-01,-5.85005e-01,-6.68583e-01,-7.46567e-01,-8.18696e-01,-8.84882e-01,-9.45048e-01,-9.99150e-01,-1.17303e+00,-1.23895e+00,-1.25178e+00,-1.23855e+00,-1.21244e+00,-1.18017e+00,-1.14531e+00,-1.10981e+00,-1.07472e+00,-1.04063e+00,-1.00785e+00,-9.76511e-01,-9.46659e-01,-9.18285e-01,-8.91337e-01,-8.65694e-01
 402269.00,6425890.00,0.00000e+00,0.00000e+00,0.00000e+00,0.00000e+00,0.00000e+00,0.00000e+00,0.00000e+00,-1.09454e-05,-7.80969e-04,-4.34533e-03,-1.20126e-02,-2.38498e-02,-3.93903e-02,-5.98965e-02,-8.58511e-02,-1.16103e-01,-1.51722e-01,-1.98345e-01,-2.55553e-01,-3.18622e-01,-3.84233e-01,-4.50385e-01,-5.15031e-01,-5.77057e-01,-6.35917e-01,-6.91169e-01,-7.42598e-01,-9.31526e-01,-1.02781e+00,-1.06970e+00,-1.08116e+00,-1.07545e+00,-1.06000e+00,-1.03908e+00,-1.01521e+00,-9.89937e-01,-9.64194e-01,-9.38563e-01,-9.13400e-01,-8.88921e-01,-8.65249e-01,-8.42443e-01,-8.20397e-01
 401583.00,6426561.00,0.00000e+00,0.00000e+00,0.00000e+00,0.00000e+00,0.00000e+00,0.00000e+00,0.00000e+00,-2.51796e-02,-1.06443e-01,-2.11582e-01,-3.14106e-01,-4.14724e-01,-5.69134e-01,-7.32782e-01,-8.67270e-01,-1.06745e+00,-1.43774e+00,-1.74809e+00,-1.95041e+00,-2.11688e+00,-2.25715e+00,-2.35360e+00,-2.43213e+00,-2.49487e+00,-2.54044e+00,-2.57174e+00,-2.57490e+00,-2.45990e+00,-2.29447e+00,-2.13280e+00,-1.98634e+00,-1.85635e+00,-1.74141e+00,-1.63955e+00,-1.54888e+00,-1.46776e+00,-1.39480e+00,-1.32885e+00,-1.26897e+00,-1.21434e+00,-1.16428e+00,-1.11826e+00,-1.07591e+00
 401319.00,6426805.00,0.00000e+00,0.00000e+00,0.00000e+00,0.00000e+00,0.00000e+00,0.00000e+00,0.00000e+00,-5.48750e-02,-1.93135e-01,-3.57510e-01,-4.98324e-01,-6.49794e-01,-8.83124e-01,-1.11110e+00,-1.27764e+00,-1.61017e+00,-2.17069e+00,-2.56788e+00,-2.79232e+00,-2.97753e+00,-3.11827e+00,-3.19762e+00,-3.25944e+00,-3.30003e+00,-3.32114e+00,-3.32207e+00,-3.28379e+00,-2.98810e+00,-2.70177e+00,-2.45775e+00,-2.25261e+00,-2.07920e+00,-1.93111e+00,-1.80328e+00,-1.69185e+00,-1.59383e+00,-1.50690e+00,-1.42927e+00,-1.35947e+00,-1.29643e+00,-1.23921e+00,-1.18654e+00,-1.13847e+00
 401134.00,6426988.00,0.00000e+00,0.00000e+00,0.00000e+00,0.00000e+00,0.00000e+00,0.00000e+00,0.00000e+00,-7.28961e-02,-2.37922e-01,-4.31213e-01,-5.89366e-01,-7.72499e-01,-1.04586e+00,-1.30539e+00,-1.48878e+00,-1.90412e+00,-2.55095e+00,-2.98613e+00,-3.22945e+00,-3.43175e+00,-3.57554e+00,-3.65001e+00,-3.70509e+00,-3.73423e+00,-3.74485e+00,-3.72718e+00,-3.66653e+00,-3.27384e+00,-2.91925e+00,-2.62909e+00,-2.39151e+00,-2.19435e+00,-2.02833e+00,-1.88660e+00,-1.76415e+00,-1.65723e+00,-1.56302e+00,-1.47929e+00,-1.40438e+00,-1.33714e+00,-1.27630e+00,-1.21934e+00,-1.16828e+00
 401497.00,6440788.00,-4.83485e-30,-3.46269e-28,8.81636e-22,7.24863e-18,1.68970e-15,6.70993e-14,9.78449e-13,7.67189e-12,3.98744e-11,-2.27970e-07,-6.59361e-07,-1.75461e-06,-3.96123e-06,-8.11167e-06,-1.53802e-05,-2.73016e-05,-4.58524e-05,-7.34375e-05,-1.12712e-04,-1.66926e-04,-2.39464e-04,-3.34056e-04,-4.54396e-04,-6.04346e-04,-7.87732e-04,-1.00841e-03,-1.26988e-03,-3.29928e-03,-6.73427e-03,-1.16779e-02,-1.80348e-02,-2.55492e-02,-3.38695e-02,-4.26291e-02,-5.15037e-02,-6.02373e-02,-6.86444e-02,-7.66014e-02,-8.40341e-02,-9.09052e-02,-9.72043e-02,-1.02936e-01,-1.08139e-01
 401176.00,6438783.00,0.00000e+00,0.00000e+00,0.00000e+00,0.00000e+00,0.00000e+00,0.00000e+00,0.00000e+00,0.00000e+00,0.00000e+00,-1.78334e-13,-1.40306e-12,-8.08518e-12,-3.67527e-11,-1.39009e-10,-4.52604e-10,-1.30170e-09,-3.37390e-09,-8.00579e-09,-1.76094e-08,-3.62689e-08,-7.05293e-08,-1.30388e-07,-2.30483e-07,-3.91463e-07,-6.41497e-07,-1.01788e-06,-1.56870e-06,-9.57181e-06,-3.77793e-05,-1.10786e-04,-2.62867e-04,-5.33424e-04,-9.61046e-04,-1.57792e-03,-2.40581e-03,-3.45432e-03,-4.72133e-03,-6.19496e-03,-7.85622e-03,-9.68168e-03,-1.16458e-02,-1.37225e-02,-1.58886e-02
 399821.00,6445976.00,-3.79199e-16,-8.15387e-10,-1.45195e-07,-2.32867e-06,-1.40895e-05,-5.21061e-05,-1.44005e-04,-3.27621e-04,-6.47959e-04,-1.15352e-03,-1.89277e-03,-2.91239e-03,-4.25635e-03,-5.96379e-03,-8.08549e-03,-1.07300e-02,-1.40724e-02,-1.83057e-02,-2.36147e-02,-3.01915e-02,-3.82086e-02,-4.77795e-02,-5.89255e-02,-7.15671e-02,-8.55642e-02,-1.00757e-01,-1.16984e-01,-2.08508e-01,-3.00187e-01,-3.69372e-01,-4.14214e-01,-4.41135e-01,-4.56021e-01,-4.62957e-01,-4.64616e-01,-4.62748e-01,-4.58509e-01,-4.52682e-01,-4.45801e-01,-4.38242e-01,-4.30269e-01,-4.22069e-01,-4.13761e-01
 399996.00,6443251.00,6.68236e-20,-3.70302e-13,-5.88376e-10,-3.04132e-08,-3.78831e-07,-2.27637e-06,-8.94374e-06,-2.67078e-05,-6.58162e-05,-1.40651e-04,-2.69494e-04,-4.73541e-04,-7.76173e-04,-1.20193e-03,-1.77558e-03,-2.52259e-03,-3.47185e-03,-4.65761e-03,-6.11809e-03,-7.89383e-03,-1.00274e-02,-1.25607e-02,-1.55318e-02,-1.89692e-02,-2.28892e-02,-2.72954e-02,-3.21802e-02,-6.30321e-02,-1.01344e-01,-1.40640e-01,-1.75803e-01,-2.05039e-01,-2.28425e-01,-2.46699e-01,-2.60720e-01,-2.71277e-01,-2.79040e-01,-2.84556e-01,-2.88266e-01,-2.90525e-01,-2.91618e-01,-2.91779e-01,-2.91172e-01
 399978.00,6446008.00,-1.52059e-14,-6.07528e-09,-6.10124e-07,-7.37287e-06,-3.77081e-05,-1.24681e-04,-3.17278e-04,-6.76220e-04,-1.26746e-03,-2.15671e-03,-3.40430e-03,-5.06650e-03,-7.19217e-03,-9.82360e-03,-1.30488e-02,-1.70774e-02,-2.21970e-02,-2.86657e-02,-3.67193e-02,-4.66014e-02,-5.84870e-02,-7.24303e-02,-8.83250e-02,-1.05935e-01,-1.24994e-01,-1.45250e-01,-1.66482e-01,-2.80617e-01,-3.84457e-01,-4.53640e-01,-4.93093e-01,-5.13193e-01,-5.21341e-01,-5.22111e-01,-5.18285e-01,-5.11581e-01,-5.03090e-01,-4.93518e-01,-4.83330e-01,-4.72840e-01,-4.62259e-01,-4.51747e-01,-4.41345e-01
 399976.00,6446193.00,-5.04962e-15,-3.38658e-09,-3.97652e-07,-5.19910e-06,-2.78830e-05,-9.51864e-05,-2.48037e-04,-5.38705e-04,-1.02554e-03,-1.76810e-03,-2.82245e-03,-4.24145e-03,-6.07254e-03,-8.35748e-03,-1.11698e-02,-1.46814e-02,-1.91415e-02,-2.47895e-02,-3.18455e-02,-4.05379e-02,-5.10452e-02,-6.34478e-02,-7.76906e-02,-9.35961e-02,-1.10943e-01,-1.29510e-01,-1.49098e-01,-2.56185e-01,-3.56971e-01,-4.27162e-01,-4.69126e-01,-4.91931e-01,-5.02548e-01,-5.05458e-01,-5.03454e-01,-4.98301e-01,-4.91133e-01,-4.82696e-01,-4.73489e-01,-4.63851e-01,-4.54014e-01,-4.44138e-01,-4.34329e-01
 400003.00,6446193.00,-9.76095e-15,-4.80562e-09,-5.11221e-07,-6.36317e-06,-3.31407e-05,-1.10942e-04,-2.84936e-04,-6.11784e-04,-1.15371e-03,-1.97333e-03,-3.12868e-03,-4.67423e-03,-6.65816e-03,-9.12280e-03,-1.21503e-02,-1.59340e-02,-2.07449e-02,-2.68334e-02,-3.44288e-02,-4.37682e-02,-5.50286e-02,-6.82762e-02,-8.34284e-02,-1.00277e-01,-1.18576e-01,-1.38090e-01,-1.58608e-01,-2.69829e-01,-3.72655e-01,-4.42627e-01,-4.83457e-01,-5.04927e-01,-5.14263e-01,-5.16019e-01,-5.13001e-01,-5.06961e-01,-4.99018e-01,-4.89902e-01,-4.80098e-01,-4.69932e-01,-4.59629e-01,-4.49327e-01,-4.39151e-01
 399901.00,6445853.00,-4.34557e-15,-3.23409e-09,-3.92387e-07,-5.18199e-06,-2.79027e-05,-9.54598e-05,-2.49125e-04,-5.41720e-04,-1.03235e-03,-1.78144e-03,-2.84610e-03,-4.28008e-03,-6.13139e-03,-8.44135e-03,-1.12818e-02,-1.48225e-02,-1.93107e-02,-2.49837e-02,-3.20593e-02,-4.07638e-02,-5.12745e-02,-6.36708e-02,-7.78961e-02,-9.37703e-02,-1.11068e-01,-1.29567e-01,-1.49063e-01,-2.55313e-01,-3.54946e-01,-4.24070e-01,-4.65257e-01,-4.87588e-01,-4.97972e-01,-5.00815e-01,-4.98857e-01,-4.93820e-01,-4.86809e-01,-4.78551e-01,-4.69533e-01,-4.60087e-01,-4.50439e-01,-4.40728e-01,-4.31099e-01
 399981.00,6446210.00,-5.09467e-15,-3.41126e-09,-3.99562e-07,-5.21669e-06,-2.79533e-05,-9.53719e-05,-2.48418e-04,-5.39358e-04,-1.02652e-03,-1.76942e-03,-2.82405e-03,-4.24323e-03,-6.07440e-03,-8.35936e-03,-1.11719e-02,-1.46844e-02,-1.91464e-02,-2.47974e-02,-3.18576e-02,-4.05555e-02,-5.10695e-02,-6.34795e-02,-7.77303e-02,-9.36441e-02,-1.10999e-01,-1.29575e-01,-1.49173e-01,-2.56320e-01,-3.57158e-01,-4.27385e-01,-4.69373e-01,-4.92192e-01,-5.02814e-01,-5.05721e-01,-5.03711e-01,-4.98549e-01,-4.91371e-01,-4.82922e-01,-4.73704e-01,-4.64054e-01,-4.54207e-01,-4.44372e-01,-4.34519e-01
 399970.00,6446210.00,-3.89032e-15,-2.95564e-09,-3.60508e-07,-4.80275e-06,-2.60466e-05,-8.95830e-05,-2.34728e-04,-5.12034e-04,-9.78289e-04,-1.69178e-03,-2.70766e-03,-4.07808e-03,-5.85016e-03,-8.06544e-03,-1.07946e-02,-1.42020e-02,-1.85287e-02,-2.40093e-02,-3.08608e-02,-3.93076e-02,-4.95285e-02,-6.16087e-02,-7.55027e-02,-9.10451e-02,-1.08023e-01,-1.26224e-01,-1.45452e-01,-2.50940e-01,-3.50925e-01,-4.21200e-01,-4.63617e-01,-4.86956e-01,-4.98084e-01,-5.01450e-01,-4.99846e-01,-4.95040e-01,-4.88173e-01,-4.79997e-01,-4.71020e-01,-4.61583e-01,-4.51924e-01,-4.42199e-01,-4.32534e-01
 400268.00,6445796.00,-2.35826e-11,-3.42865e-07,-1.14199e-05,-7.93318e-05,-2.91687e-04,-7.71404e-04,-1.65934e-03,-3.09149e-03,-5.18485e-03,-8.03335e-03,-1.17098e-02,-1.62749e-02,-2.17572e-02,-2.82543e-02,-3.62903e-02,-4.66607e-02,-5.98814e-02,-7.62019e-02,-9.60420e-02,-1.19621e-01,-1.46781e-01,-1.76967e-01,-2.09282e-01,-2.42969e-01,-2.77511e-01,-3.12529e-01,-3.47762e-01,-5.17324e-01,-6.30792e-01,-6.79035e-01,-6.91802e-01,-6.87299e-01,-6.74425e-01,-6.57556e-01,-6.38924e-01,-6.19720e-01,-6.00589e-01,-5.81888e-01,-5.63809e-01,-5.46448e-01,-5.29846e-01,-5.14010e-01,-4.98926e-01
 402888.00,6446898.00,-5.25295e-06,-4.96890e-04,-3.07733e-03,-9.20389e-03,-2.01724e-02,-3.65773e-02,-5.82797e-02,-8.48187e-02,-2.21696e-01,-4.77956e-01,-7.53673e-01,-1.03358e+00,-1.27773e+00,-1.52921e+00,-1.74648e+00,-1.83586e+00,-2.01394e+00,-2.15760e+00,-2.28787e+00,-2.52944e+00,-2.75041e+00,-2.96539e+00,-3.16712e+00,-3.34696e+00,-3.05583e+00,-2.80776e+00,-2.62199e+00,-2.11148e+00,-1.81910e+00,-1.60498e+00,-1.44013e+00,-1.30870e+00,-1.20094e+00,-1.11065e+00,-1.03367e+00,-9.67137e-01,-9.08961e-01,-8.57603e-01,-8.11892e-01,-7.70927e-01,-7.33971e-01,-7.00426e-01,-6.69991e-01
 402719.00,6446918.00,-9.69858e-06,-6.46370e-04,-3.57422e-03,-1.01966e-02,-2.17532e-02,-3.87215e-02,-6.08982e-02,-8.78120e-02,-2.39216e-01,-5.09659e-01,-7.85673e-01,-1.06486e+00,-1.30315e+00,-1.55520e+00,-1.76681e+00,-1.83867e+00,-2.02999e+00,-2.16755e+00,-2.29626e+00,-2.55274e+00,-2.76933e+00,-2.98384e+00,-3.18390e+00,-3.36112e+00,-3.00736e+00,-2.77226e+00,-2.59570e+00,-2.10358e+00,-1.81590e+00,-1.60344e+00,-1.43928e+00,-1.30817e+00,-1.20058e+00,-1.11039e+00,-1.03348e+00,-9.66979e-01,-9.08831e-01,-8.57493e-01,-8.11799e-01,-7.70845e-01,-7.33899e-01,-7.00347e-01,-6.69915e-01
 402722.00,6446918.00,-9.60491e-06,-6.42837e-04,-3.56190e-03,-1.01717e-02,-2.17134e-02,-3.86678e-02,-6.08336e-02,-8.77399e-02,-2.38760e-01,-5.08828e-01,-7.84852e-01,-1.06409e+00,-1.30258e+00,-1.55466e+00,-1.76647e+00,-1.83884e+00,-2.02984e+00,-2.16758e+00,-2.29637e+00,-2.55247e+00,-2.76919e+00,-2.98375e+00,-3.18389e+00,-3.36121e+00,-3.00915e+00,-2.77373e+00,-2.59688e+00,-2.10411e+00,-1.81622e+00,-1.60367e+00,-1.43946e+00,-1.30831e+00,-1.20069e+00,-1.11048e+00,-1.03356e+00,-9.67049e-01,-9.08893e-01,-8.57547e-01,-8.11847e-01,-7.70888e-01,-7.33938e-01,-7.00382e-01,-6.69947e-01
 402714.00,6446868.00,-5.49655e-06,-4.95969e-04,-3.03266e-03,-9.05197e-03,-1.98417e-02,-3.60062e-02,-5.74347e-02,-8.36910e-02,-2.18656e-01,-4.71483e-01,-7.44538e-01,-1.02283e+00,-1.26647e+00,-1.51741e+00,-1.73452e+00,-1.82578e+00,-2.00397e+00,-2.14756e+00,-2.27827e+00,-2.51848e+00,-2.73866e+00,-2.95374e+00,-3.15583e+00,-3.33631e+00,-3.05302e+00,-2.81073e+00,-2.62660e+00,-2.11690e+00,-1.82476e+00,-1.60992e+00,-1.44429e+00,-1.31219e+00,-1.20390e+00,-1.11318e+00,-1.03587e+00,-9.69060e-01,-9.10658e-01,-8.59111e-01,-8.13243e-01,-7.72142e-01,-7.35073e-01,-7.01424e-01,-6.70890e-01
 402788.00,6446780.00,-1.54592e-06,-3.00183e-04,-2.29081e-03,-7.48136e-03,-1.72364e-02,-3.23561e-02,-5.28714e-02,-7.83929e-02,-1.89372e-01,-4.16697e-01,-6.86416e-01,-9.64866e-01,-1.21795e+00,-1.46885e+00,-1.69558e+00,-1.81679e+00,-1.97654e+00,-2.12969e+00,-2.26410e+00,-2.48085e+00,-2.70686e+00,-2.92354e+00,-3.12925e+00,-3.31512e+00,-3.13631e+00,-2.88296e+00,-2.68576e+00,-2.14381e+00,-1.84230e+00,-1.62268e+00,-1.45416e+00,-1.32012e+00,-1.21046e+00,-1.11873e+00,-1.04063e+00,-9.73197e-01,-9.14294e-01,-8.62335e-01,-8.16123e-01,-7.74733e-01,-7.37416e-01,-7.03605e-01,-6.72788e-01
 402866.00,6446786.00,-1.64337e-06,-3.13843e-04,-2.36594e-03,-7.67408e-03,-1.76045e-02,-3.29404e-02,-5.36895e-02,-7.94453e-02,-1.93326e-01,-4.24226e-01,-6.95274e-01,-9.74386e-01,-1.22692e+00,-1.47805e+00,-1.70393e+00,-1.82175e+00,-1.98306e+00,-2.13525e+00,-2.26904e+00,-2.48826e+00,-2.71395e+00,-2.93042e+00,-3.13568e+00,-3.32086e+00,-3.12992e+00,-2.87556e+00,-2.67896e+00,-2.13967e+00,-1.83928e+00,-1.62041e+00,-1.45240e+00,-1.31872e+00,-1.20932e+00,-1.11777e+00,-1.03982e+00,-9.72500e-01,-9.13686e-01,-8.61799e-01,-8.15648e-01,-7.74308e-01,-7.37034e-01,-7.03156e-01,-6.72479e-01
 402274.00,6446469.00,-1.32281e-04,-2.79555e-03,-1.06209e-02,-2.51643e-02,-4.72758e-02,-7.62464e-02,-1.10926e-01,-1.50325e-01,-2.58536e-01,-4.37880e-01,-6.28076e-01,-8.22742e-01,-1.02155e+00,-1.25980e+00,-1.48152e+00,-1.61794e+00,-1.83389e+00,-2.02773e+00,-2.20351e+00,-2.42914e+00,-2.60690e+00,-2.77338e+00,-2.93337e+00,-3.07721e+00,-2.93359e+00,-2.82581e+00,-2.73792e+00,-2.30455e+00,-1.92250e+00,-1.66939e+00,-1.48490e+00,-1.34213e+00,-1.22717e+00,-1.13196e+00,-1.05144e+00,-9.82233e-01,-9.21988e-01,-8.68986e-01,-8.21942e-01,-7.79872e-01,-7.41996e-01,-7.07643e-01,-6.76547e-01
 401979.00,6445562.00,-1.01381e-02,-3.81909e-02,-8.08407e-02,-1.39224e-01,-2.06190e-01,-2.78083e-01,-3.53600e-01,-4.32415e-01,-5.16259e-01,-5.99655e-01,-6.75461e-01,-7.47026e-01,-1.05706e+00,-1.43153e+00,-1.65694e+00,-1.85703e+00,-2.32056e+00,-2.58013e+00,-2.81633e+00,-2.94506e+00,-2.91965e+00,-3.02756e+00,-3.11948e+00,-3.18398e+00,-3.27148e+00,-3.30127e+00,-3.32030e+00,-2.62056e+00,-2.08887e+00,-1.77360e+00,-1.55781e+00,-1.39693e+00,-1.27036e+00,-1.16714e+00,-1.08081e+00,-1.00722e+00,-9.43551e-01,-8.87820e-01,-8.38568e-01,-7.94667e-01,-7.55200e-01,-7.19545e-01,-6.87916e-01
 401517.00,6445880.00,-2.55417e-03,-1.60987e-02,-3.97617e-02,-7.57004e-02,-1.21063e-01,-1.72744e-01,-2.29184e-01,-2.89409e-01,-3.53899e-01,-4.22373e-01,-4.88593e-01,-5.52018e-01,-7.85202e-01,-1.09035e+00,-1.30682e+00,-1.49861e+00,-1.87448e+00,-2.13033e+00,-2.36030e+00,-2.50872e+00,-2.53348e+00,-2.63246e+00,-2.72519e+00,-2.79744e+00,-2.88292e+00,-2.92855e+00,-2.96197e+00,-2.45686e+00,-1.98623e+00,-1.69991e+00,-1.50061e+00,-1.35056e+00,-1.23174e+00,-1.13437e+00,-1.05260e+00,-9.82659e-01,-9.21967e-01,-8.68692e-01,-8.21487e-01,-7.79329e-01,-7.41401e-01,-7.07106e-01,-6.75999e-01
 401643.00,6445805.00,-2.65863e-03,-1.78678e-02,-4.52263e-02,-8.70209e-02,-1.40061e-01,-2.00398e-01,-2.65886e-01,-3.35239e-01,-4.08900e-01,-4.86804e-01,-5.61917e-01,-6.33131e-01,-8.92729e-01,-1.24098e+00,-1.49253e+00,-1.70855e+00,-2.12534e+00,-2.41635e+00,-2.67005e+00,-2.82909e+00,-2.84501e+00,-2.93743e+00,-3.02867e+00,-3.09873e+00,-3.18365e+00,-3.22582e+00,-3.25270e+00,-2.62282e+00,-2.07771e+00,-1.76262e+00,-1.54805e+00,-1.38840e+00,-1.26294e+00,-1.16067e+00,-1.07514e+00,-1.00222e+00,-9.39124e-01,-8.83872e-01,-8.35019e-01,-7.91477e-01,-7.52371e-01,-7.16993e-01,-6.85008e-01
 401724.00,6445741.00,-1.35974e-03,-1.33815e-02,-3.77279e-02,-7.64782e-02,-1.27721e-01,-1.87411e-01,-2.52875e-01,-3.22471e-01,-3.96116e-01,-4.74526e-01,-5.51651e-01,-6.25130e-01,-8.42313e-01,-1.16369e+00,-1.43313e+00,-1.66060e+00,-2.03315e+00,-2.34559e+00,-2.61095e+00,-2.79396e+00,-2.84704e+00,-2.92853e+00,-3.01886e+00,-3.09373e+00,-3.17657e+00,-3.22872e+00,-3.26045e+00,-2.68543e+00,-2.11156e+00,-1.78495e+00,-1.56444e+00,-1.40120e+00,-1.27333e+00,-1.16934e+00,-1.08251e+00,-1.00858e+00,-9.44679e-01,-8.88774e-01,-8.39379e-01,-7.95375e-01,-7.55892e-01,-7.20276e-01,-6.87894e-01
 401776.00,6445912.00,-1.33319e-03,-1.33057e-02,-3.77640e-02,-7.66713e-02,-1.28141e-01,-1.88037e-01,-2.53624e-01,-3.23257e-01,-3.96871e-01,-4.75278e-01,-5.52688e-01,-6.26392e-01,-8.50169e-01,-1.17676e+00,-1.44472e+00,-1.67037e+00,-2.04876e+00,-2.35848e+00,-2.62119e+00,-2.79968e+00,-2.84610e+00,-2.92772e+00,-3.01808e+00,-3.09228e+00,-3.17545e+00,-3.22612e+00,-3.25659e+00,-2.66978e+00,-2.10300e+00,-1.77962e+00,-1.56074e+00,-1.39844e+00,-1.27117e+00,-1.16759e+00,-1.08105e+00,-1.00734e+00,-9.43613e-01,-8.87843e-01,-8.38559e-01,-7.94652e-01,-7.55233e-01,-7.19583e-01,-6.87415e-01
 402016.00,6446069.00,-4.15739e-03,-2.36530e-02,-5.66810e-02,-1.05407e-01,-1.65127e-01,-2.31296e-01,-3.01838e-01,-3.75694e-01,-4.53909e-01,-5.36042e-01,-6.13741e-01,-6.86820e-01,-9.91356e-01,-1.37008e+00,-1.60789e+00,-1.81436e+00,-2.27438e+00,-2.54505e+00,-2.78628e+00,-2.92035e+00,-2.89795e+00,-2.99871e+00,-3.08981e+00,-3.15464e+00,-3.24108e+00,-3.27195e+00,-3.29098e+00,-2.58785e+00,-2.06306e+00,-1.75522e+00,-1.54389e+00,-1.38587e+00,-1.26131e+00,-1.15957e+00,-1.07436e+00,-1.00165e+00,-9.38690e-01,-8.83535e-01,-8.34754e-01,-7.91261e-01,-7.52177e-01,-7.16893e-01,-6.85022e-01
 401980.00,6445458.00,-2.55712e-02,-7.95607e-02,-1.52005e-01,-2.41742e-01,-3.33634e-01,-4.25211e-01,-5.17426e-01,-6.12173e-01,-7.13239e-01,-8.02143e-01,-8.70993e-01,-9.33229e-01,-1.19570e+00,-1.52635e+00,-1.73658e+00,-1.91438e+00,-2.30993e+00,-2.55931e+00,-2.77612e+00,-2.89695e+00,-2.88390e+00,-2.96940e+00,-3.04769e+00,-3.10489e+00,-3.18072e+00,-3.21110e+00,-3.22962e+00,-2.60535e+00,-2.08598e+00,-1.77555e+00,-1.56146e+00,-1.40104e+00,-1.27443e+00,-1.17099e+00,-1.08435e+00,-1.01046e+00,-9.46501e-01,-8.90503e-01,-8.41010e-01,-7.96905e-01,-7.57265e-01,-7.21487e-01,-6.89488e-01
 400436.00,6432706.00,0.00000e+00,0.00000e+00,0.00000e+00,0.00000e+00,0.00000e+00,0.00000e+00,0.00000e+00,7.42832e-25,-2.23015e-19,-3.44670e-14,-1.58679e-11,-7.04021e-10,-9.66685e-09,-6.76335e-08,-3.08558e-07,-1.05085e-06,-3.16734e-06,-7.59902e-06,-1.62058e-05,-3.12871e-05,-5.65080e-05,-9.57804e-05,-1.54356e-04,-2.38581e-04,-3.57091e-04,-5.17668e-04,-7.30583e-04,-2.96224e-03,-7.99394e-03,-1.63726e-02,-2.78043e-02,-4.15013e-02,-5.65697e-02,-7.22257e-02,-8.78672e-02,-1.03070e-01,-1.17558e-01,-1.31165e-01,-1.43805e-01,-1.55448e-01,-1.66100e-01,-1.75795e-01,-1.84553e-01
 399282.00,6456589.00,0.00000e+00,0.00000e+00,0.00000e+00,0.00000e+00,0.00000e+00,0.00000e+00,0.00000e+00,0.00000e+00,0.00000e+00,4.36815e-26,-2.10243e-25,-6.66640e-25,-1.26473e-24,-1.24772e-24,6.23478e-25,4.86037e-24,6.86801e-24,-2.62176e-23,-2.72148e-22,-1.76866e-21,-9.95598e-21,-4.95984e-20,-2.19881e-19,-8.75999e-19,-3.17219e-18,-1.05533e-17,-3.25585e-17,-3.77584e-15,-1.58245e-13,-3.37431e-12,-4.29119e-11,-3.60257e-10,-2.16766e-09,-9.98903e-09,-3.71157e-08,-1.15665e-07,-3.11647e-07,-7.43594e-07,-1.60151e-06,-3.16215e-06,-5.79724e-06,-1.23614e-05,-2.03674e-05
 400339.00,6427228.00,0.00000e+00,0.00000e+00,0.00000e+00,0.00000e+00,0.00000e+00,0.00000e+00,0.00000e+00,-6.12850e-01,-1.12331e+00,-1.61073e+00,-1.62338e+00,-2.37496e+00,-3.01951e+00,-3.32379e+00,-3.28495e+00,-5.76077e+00,-6.84454e+00,-6.63952e+00,-6.56478e+00,-6.67084e+00,-6.39015e+00,-6.21854e+00,-6.09953e+00,-5.87721e+00,-5.77561e+00,-5.43573e+00,-5.13291e+00,-4.09277e+00,-3.45332e+00,-3.00650e+00,-2.67253e+00,-2.41174e+00,-2.20144e+00,-2.02767e+00,-1.88128e+00,-1.75601e+00,-1.64742e+00,-1.55224e+00,-1.46804e+00,-1.39299e+00,-1.32573e+00,-1.26478e+00,-1.20951e+00
 400296.00,6454380.00,0.00000e+00,0.00000e+00,0.00000e+00,0.00000e+00,0.00000e+00,0.00000e+00,0.00000e+00,0.00000e+00,0.00000e+00,1.60374e-20,7.31832e-21,-3.44773e-20,-1.78598e-19,-8.88029e-19,-6.14274e-18,-4.04583e-17,-2.22524e-16,-1.03372e-15,-4.16717e-15,-1.49091e-14,-4.81705e-14,-1.42508e-13,-3.90533e-13,-1.00128e-12,-2.42241e-12,-5.57040e-12,-1.22480e-11,-3.68298e-10,-5.49685e-09,-4.77403e-08,-2.73778e-07,-1.14628e-06,-3.76925e-06,-1.02533e-05,-2.39693e-05,-4.95632e-05,-9.27066e-05,-1.59653e-04,-2.56716e-04,-3.89780e-04,-5.63912e-04,-7.83099e-04,-1.05016e-03
 402734.00,6414554.00,0.00000e+00,0.00000e+00,0.00000e+00,0.00000e+00,0.00000e+00,0.00000e+00,0.00000e+00,0.00000e+00,0.00000e+00,0.00000e+00,0.00000e+00,0.00000e+00,0.00000e+00,0.00000e+00,0.00000e+00,0.00000e+00,2.24162e-26,3.79807e-26,2.34294e-26,-7.86628e-26,-2.18628e-25,-2.74934e-25,-1.92298e-26,-1.07854e-25,-8.96210e-24,-9.13326e-23,-6.60675e-22,-1.47155e-18,-3.34088e-16,-1.95817e-14,-4.77550e-13,-6.35611e-12,-5.44446e-11,-3.33551e-10,-1.56996e-09,-5.97566e-09,-1.91135e-08,-5.29256e-08,-1.29889e-07,-2.87911e-07,-5.85294e-07,-1.10499e-06,-3.13285e-06
 401204.00,6454014.00,0.00000e+00,0.00000e+00,0.00000e+00,0.00000e+00,0.00000e+00,0.00000e+00,0.00000e+00,0.00000e+00,0.00000e+00,2.15870e-20,-5.32511e-19,-1.83654e-18,-8.23284e-18,-5.77412e-17,-3.85033e-16,-2.10577e-15,-9.62067e-15,-3.79208e-14,-1.32147e-13,-4.14987e-13,-1.19234e-12,-3.17436e-12,-7.91624e-12,-1.86629e-11,-4.19085e-11,-9.01646e-11,-1.86680e-10,-4.36372e-09,-5.18460e-08,-3.64940e-07,-1.74050e-06,-6.21486e-06,-1.77979e-05,-4.28959e-05,-9.01393e-05,-1.69634e-04,-2.91896e-04,-4.66774e-04,-7.02598e-04,-1.00563e-03,-1.37986e-03,-1.82703e-03,-2.34675e-03
 403129.00,6414366.00,0.00000e+00,0.00000e+00,0.00000e+00,0.00000e+00,0.00000e+00,0.00000e+00,0.00000e+00,0.00000e+00,0.00000e+00,0.00000e+00,0.00000e+00,0.00000e+00,0.00000e+00,0.00000e+00,0.00000e+00,0.00000e+00,2.90569e-27,6.77204e-27,7.64006e-27,-4.72567e-27,-3.12078e-26,-5.75210e-26,-3.94940e-26,1.45032e-26,-6.04693e-25,-7.99909e-24,-6.33948e-23,-1.79168e-19,-4.74772e-17,-3.10497e-15,-8.22004e-14,-1.16661e-12,-1.05276e-11,-6.73771e-11,-3.29244e-10,-1.29484e-09,-4.26283e-09,-1.21105e-08,-3.04112e-08,-6.88148e-08,-1.42526e-07,-2.73670e-07,-1.77329e-06
 400967.00,6459322.00,0.00000e+00,0.00000e+00,0.00000e+00,0.00000e+00,0.00000e+00,0.00000e+00,0.00000e+00,0.00000e+00,0.00000e+00,0.00000e+00,0.00000e+00,0.00000e+00,0.00000e+00,0.00000e+00,0.00000e+00,0.00000e+00,0.00000e+00,0.00000e+00,0.00000e+00,0.00000e+00,0.00000e+00,0.00000e+00,0.00000e+00,0.00000e+00,0.00000e+00,0.00000e+00,0.00000e+00,0.00000e+00,0.00000e+00,0.00000e+00,0.00000e+00,0.00000e+00,0.00000e+00,0.00000e+00,0.00000e+00,0.00000e+00,0.00000e+00,0.00000e+00,0.00000e+00,0.00000e+00,0.00000e+00,-3.39025e-08,-6.90703e-08
 403063.00,6414614.00,0.00000e+00,0.00000e+00,0.00000e+00,0.00000e+00,0.00000e+00,0.00000e+00,0.00000e+00,0.00000e+00,0.00000e+00,0.00000e+00,0.00000e+00,0.00000e+00,0.00000e+00,0.00000e+00,0.00000e+00,0.00000e+00,2.16515e-26,3.73118e-26,2.42031e-26,-7.40892e-26,-2.12020e-25,-2.72589e-25,-3.00078e-26,-8.76832e-26,-8.41099e-24,-8.64905e-23,-6.27902e-22,-1.41291e-18,-3.22967e-16,-1.90231e-14,-4.65660e-13,-6.21617e-12,-5.33749e-11,-3.27668e-10,-1.54500e-09,-5.88982e-09,-1.88650e-08,-5.23020e-08,-1.28502e-07,-2.85123e-07,-5.80157e-07,-1.09621e-06,-3.10993e-06
 401453.00,6426839.00,0.00000e+00,0.00000e+00,0.00000e+00,0.00000e+00,0.00000e+00,0.00000e+00,0.00000e+00,-1.76936e-02,-9.14521e-02,-1.95390e-01,-3.06490e-01,-4.10439e-01,-5.65593e-01,-7.39240e-01,-8.91871e-01,-1.07947e+00,-1.44510e+00,-1.78991e+00,-2.03218e+00,-2.22648e+00,-2.39203e+00,-2.50948e+00,-2.60183e+00,-2.67537e+00,-2.72852e+00,-2.76680e+00,-2.77562e+00,-2.65128e+00,-2.46091e+00,-2.27624e+00,-2.11055e+00,-1.96473e+00,-1.83675e+00,-1.72406e+00,-1.62432e+00,-1.53554e+00,-1.45605e+00,-1.38449e+00,-1.31974e+00,-1.26088e+00,-1.20708e+00,-1.15779e+00,-1.11254e+00
 401520.00,6424997.00,0.00000e+00,0.00000e+00,0.00000e+00,0.00000e+00,0.00000e+00,0.00000e+00,0.00000e+00,-3.02721e-05,-1.79273e-03,-8.92435e-03,-2.29023e-02,-4.27816e-02,-6.75165e-02,-9.95640e-02,-1.38969e-01,-1.82896e-01,-2.34688e-01,-3.04510e-01,-3.87980e-01,-4.75329e-01,-5.61816e-01,-6.45210e-01,-7.22894e-01,-7.94206e-01,-8.59092e-01,-9.17794e-01,-9.70186e-01,-1.13377e+00,-1.18884e+00,-1.19415e+00,-1.17672e+00,-1.14883e+00,-1.11642e+00,-1.08247e+00,-1.04851e+00,-1.01536e+00,-9.83426e-01,-9.52890e-01,-9.23819e-01,-8.96209e-01,-8.70020e-01,-8.45186e-01,-8.21534e-01
 401416.00,6425106.00,0.00000e+00,0.00000e+00,0.00000e+00,0.00000e+00,0.00000e+00,0.00000e+00,0.00000e+00,-2.32194e-04,-5.98824e-03,-2.24623e-02,-4.95724e-02,-8.27748e-02,-1.22975e-01,-1.74694e-01,-2.34864e-01,-2.97500e-01,-3.79066e-01,-4.90626e-01,-6.12383e-01,-7.29006e-01,-8.38314e-01,-9.38121e-01,-1.02624e+00,-1.10398e+00,-1.17200e+00,-1.23136e+00,-1.28162e+00,-1.40589e+00,-1.41671e+00,-1.38624e+00,-1.34087e+00,-1.29098e+00,-1.24096e+00,-1.19267e+00,-1.14687e+00,-1.10380e+00,-1.06346e+00,-1.02573e+00,-9.90436e-01,-9.57410e-01,-9.26474e-01,-8.97441e-01,-8.70041e-01
 401342.00,6426938.00,0.00000e+00,0.00000e+00,0.00000e+00,0.00000e+00,0.00000e+00,0.00000e+00,0.00000e+00,-2.31814e-02,-1.11274e-01,-2.32069e-01,-3.57506e-01,-4.76139e-01,-6.54306e-01,-8.49890e-01,-1.01752e+00,-1.23583e+00,-1.65631e+00,-2.03821e+00,-2.29821e+00,-2.50523e+00,-2.67782e+00,-2.79551e+00,-2.88602e+00,-2.95548e+00,-3.00210e+00,-3.03339e+00,-3.03097e+00,-2.84766e+00,-2.61339e+00,-2.39801e+00,-2.21016e+00,-2.04789e+00,-1.90733e+00,-1.78481e+00,-1.67722e+00,-1.58206e+00,-1.49732e+00,-1.42136e+00,-1.35289e+00,-1.29091e+00,-1.23457e+00,-1.18251e+00,-1.13463e+00
 401522.00,6426872.00,0.00000e+00,0.00000e+00,0.00000e+00,0.00000e+00,0.00000e+00,0.00000e+00,0.00000e+00,-8.51388e-03,-5.71372e-02,-1.34406e-01,-2.25695e-01,-3.12182e-01,-4.34154e-01,-5.78470e-01,-7.16094e-01,-8.63417e-01,-1.14173e+00,-1.44015e+00,-1.67551e+00,-1.86834e+00,-2.03678e+00,-2.16690e+00,-2.27143e+00,-2.35761e+00,-2.42468e+00,-2.47775e+00,-2.50670e+00,-2.46593e+00,-2.32636e+00,-2.17410e+00,-2.03028e+00,-1.89991e+00,-1.78326e+00,-1.67913e+00,-1.58603e+00,-1.50249e+00,-1.42722e+00,-1.35911e+00,-1.29723e+00,-1.24077e+00,-1.18901e+00,-1.14144e+00,-1.09761e+00
 401407.00,6426825.00,0.00000e+00,0.00000e+00,0.00000e+00,0.00000e+00,0.00000e+00,0.00000e+00,0.00000e+00,-2.68639e-02,-1.20192e-01,-2.43389e-01,-3.66330e-01,-4.83767e-01,-6.63418e-01,-8.56226e-01,-1.01623e+00,-1.24087e+00,-1.66982e+00,-2.03935e+00,-2.28028e+00,-2.47319e+00,-2.63352e+00,-2.73997e+00,-2.82294e+00,-2.88685e+00,-2.92963e+00,-2.95654e+00,-2.95062e+00,-2.76949e+00,-2.54613e+00,-2.34072e+00,-2.16117e+00,-2.00560e+00,-1.87048e+00,-1.75241e+00,-1.64851e+00,-1.55642e+00,-1.47428e+00,-1.40054e+00,-1.33401e+00,-1.27363e+00,-1.21855e+00,-1.16817e+00,-1.12189e+00
 401537.00,6426751.00,0.00000e+00,0.00000e+00,0.00000e+00,0.00000e+00,0.00000e+00,0.00000e+00,0.00000e+00,-1.48756e-02,-7.95575e-02,-1.72101e-01,-2.72525e-01,-3.66524e-01,-5.06063e-01,-6.63778e-01,-8.04464e-01,-9.73367e-01,-1.30166e+00,-1.61754e+00,-1.84420e+00,-2.02765e+00,-2.18579e+00,-2.30116e+00,-2.39343e+00,-2.46853e+00,-2.52467e+00,-2.56720e+00,-2.58297e+00,-2.49820e+00,-2.33936e+00,-2.17760e+00,-2.02881e+00,-1.89579e+00,-1.77773e+00,-1.67289e+00,-1.57949e+00,-1.49590e+00,-1.42072e+00,-1.35278e+00,-1.29111e+00,-1.23489e+00,-1.18338e+00,-1.13607e+00,-1.09249e+00
 401599.00,6426842.00,0.00000e+00,0.00000e+00,0.00000e+00,0.00000e+00,0.00000e+00,0.00000e+00,0.00000e+00,-5.32965e-03,-4.17986e-02,-1.04074e-01,-1.81467e-01,-2.56641e-01,-3.59279e-01,-4.83702e-01,-6.07188e-01,-7.34342e-01,-9.64132e-01,-1.22560e+00,-1.44465e+00,-1.62801e+00,-1.79039e+00,-1.92123e+00,-2.02845e+00,-2.11861e+00,-2.19131e+00,-2.25085e+00,-2.28972e+00,-2.30052e+00,-2.19863e+00,-2.07271e+00,-1.94776e+00,-1.83136e+00,-1.72532e+00,-1.62946e+00,-1.54293e+00,-1.46471e+00,-1.39381e+00,-1.32934e+00,-1.27051e+00,-1.21665e+00,-1.16713e+00,-1.12149e+00,-1.07914e+00
 401396.00,6426717.00,0.00000e+00,0.00000e+00,0.00000e+00,0.00000e+00,0.00000e+00,0.00000e+00,0.00000e+00,-5.05683e-02,-1.79429e-01,-3.32518e-01,-4.64069e-01,-6.04663e-01,-8.22585e-01,-1.03610e+00,-1.19271e+00,-1.50188e+00,-2.02733e+00,-2.40062e+00,-2.61220e+00,-2.78827e+00,-2.92463e+00,-3.00357e+00,-3.06662e+00,-3.11056e+00,-3.13601e+00,-3.14147e+00,-3.11069e+00,-2.85530e+00,-2.59844e+00,-2.37484e+00,-2.18446e+00,-2.02204e+00,-1.88237e+00,-1.76117e+00,-1.65504e+00,-1.56134e+00,-1.47800e+00,-1.40337e+00,-1.33614e+00,-1.27523e+00,-1.21973e+00,-1.16902e+00,-1.12254e+00
 401595.00,6425329.00,0.00000e+00,0.00000e+00,0.00000e+00,0.00000e+00,0.00000e+00,0.00000e+00,0.00000e+00,-3.72658e-04,-8.15015e-03,-2.87923e-02,-6.14180e-02,-9.98769e-02,-1.46480e-01,-2.06273e-01,-2.74630e-01,-3.44542e-01,-4.39167e-01,-5.67956e-01,-7.04308e-01,-8.31638e-01,-9.49274e-01,-1.05486e+00,-1.14652e+00,-1.22641e+00,-1.29548e+00,-1.35503e+00,-1.40422e+00,-1.51359e+00,-1.50836e+00,-1.46494e+00,-1.40933e+00,-1.35124e+00,-1.29453e+00,-1.24070e+00,-1.19025e+00,-1.14322e+00,-1.09948e+00,-1.05880e+00,-1.02093e+00,-9.85626e-01,-9.52673e-01,-9.21841e-01,-8.92886e-01
 398985.00,6456378.00,0.00000e+00,0.00000e+00,0.00000e+00,0.00000e+00,0.00000e+00,0.00000e+00,0.00000e+00,0.00000e+00,0.00000e+00,4.03981e-26,-5.23132e-25,-1.47070e-24,-2.55728e-24,-2.16238e-24,2.08045e-24,1.05257e-23,1.19513e-23,-6.67441e-23,-6.26328e-22,-3.95898e-21,-2.17389e-20,-1.05684e-19,-4.57949e-19,-1.78692e-18,-6.34997e-18,-2.07658e-17,-6.30664e-17,-6.85960e-15,-2.72435e-13,-5.52344e-12,-6.71617e-11,-5.43053e-10,-3.16832e-09,-1.42332e-08,-5.17684e-08,-1.58418e-07,-4.20187e-07,-9.88919e-07,-2.10436e-06,-4.11096e-06,-7.46564e-06,-1.48884e-05,-2.42982e-05
 402195.00,6425490.00,0.00000e+00,0.00000e+00,0.00000e+00,0.00000e+00,0.00000e+00,0.00000e+00,0.00000e+00,-2.51006e-06,-3.54421e-04,-2.47415e-03,-7.67255e-03,-1.64635e-02,-2.85602e-02,-4.46865e-02,-6.55204e-02,-9.05754e-02,-1.19840e-01,-1.57215e-01,-2.04058e-01,-2.57606e-01,-3.14822e-01,-3.73724e-01,-4.32394e-01,-4.89473e-01,-5.44183e-01,-5.96096e-01,-6.44852e-01,-8.29875e-01,-9.29255e-01,-9.76113e-01,-9.93076e-01,-9.92898e-01,-9.82768e-01,-9.66856e-01,-9.47655e-01,-9.26691e-01,-9.04918e-01,-8.82935e-01,-8.61124e-01,-8.39724e-01,-8.18883e-01,-7.98686e-01,-7.79226e-01
 401272.00,6457289.00,0.00000e+00,0.00000e+00,0.00000e+00,0.00000e+00,0.00000e+00,0.00000e+00,0.00000e+00,0.00000e+00,0.00000e+00,8.21117e-26,6.03062e-26,-3.52742e-26,-3.28960e-25,-7.13969e-25,-7.84819e-25,1.08384e-25,2.07242e-24,8.23256e-25,-3.30139e-23,-2.75321e-22,-1.69139e-21,-8.94878e-21,-4.19098e-20,-1.75865e-19,-6.68659e-19,-2.32821e-18,-7.49598e-18,-1.04511e-15,-5.13591e-14,-1.25721e-12,-1.78632e-11,-1.63399e-10,-1.05081e-09,-5.10462e-09,-1.97994e-08,-6.39575e-08,-1.77701e-07,-4.35479e-07,-9.60284e-07,-1.93636e-06,-3.61777e-06,-7.67309e-06,-1.28400e-05
 401117.00,6460403.00,0.00000e+00,0.00000e+00,0.00000e+00,0.00000e+00,0.00000e+00,0.00000e+00,0.00000e+00,0.00000e+00,0.00000e+00,0.00000e+00,0.00000e+00,0.00000e+00,0.00000e+00,0.00000e+00,0.00000e+00,0.00000e+00,0.00000e+00,0.00000e+00,0.00000e+00,0.00000e+00,0.00000e+00,0.00000e+00,0.00000e+00,0.00000e+00,0.00000e+00,0.00000e+00,0.00000e+00,0.00000e+00,0.00000e+00,0.00000e+00,0.00000e+00,0.00000e+00,0.00000e+00,0.00000e+00,0.00000e+00,0.00000e+00,0.00000e+00,0.00000e+00,0.00000e+00,0.00000e+00,0.00000e+00,-2.82922e-09,-6.36000e-09
 400528.00,6452381.00,0.00000e+00,0.00000e+00,0.00000e+00,0.00000e+00,0.00000e+00,0.00000e+00,0.00000e+00,0.00000e+00,0.00000e+00,-4.33081e-16,-5.44342e-15,-4.65748e-14,-2.79580e-13,-1.32479e-12,-5.25265e-12,-1.80322e-11,-5.48703e-11,-1.51195e-10,-3.82781e-10,-9.02759e-10,-2.00712e-09,-4.24554e-09,-8.60231e-09,-1.67758e-08,-3.15901e-08,-5.75699e-08,-1.01704e-07,-1.15087e-06,-7.34528e-06,-3.10201e-05,-9.73372e-05,-2.44715e-04,-5.18966e-04,-9.63978e-04,-1.61355e-03,-2.48704e-03,-3.58887e-03,-4.91060e-03,-6.43420e-03,-8.13541e-03,-9.98668e-03,-1.19597e-02,-1.40260e-02
 396312.00,6450304.00,0.00000e+00,0.00000e+00,0.00000e+00,0.00000e+00,0.00000e+00,0.00000e+00,0.00000e+00,0.00000e+00,0.00000e+00,-1.11250e-17,-3.35104e-17,-2.81920e-16,-2.26547e-15,-1.39057e-14,-6.82935e-14,-2.81873e-13,-1.01030e-12,-3.21690e-12,-9.25657e-12,-2.44033e-11,-5.96129e-11,-1.36210e-10,-2.93413e-10,-5.99873e-10,-1.17067e-09,-2.19159e-09,-3.95279e-09,-4.85390e-08,-3.53413e-07,-1.80631e-06,-7.04224e-06,-2.20187e-05,-5.73687e-05,-1.28578e-04,-2.54568e-04,-4.55170e-04,-7.48426e-04,-1.14852e-03,-1.66466e-03,-2.30086e-03,-3.05634e-03,-3.92644e-03,-4.90312e-03
 398903.00,6434728.00,0.00000e+00,0.00000e+00,0.00000e+00,0.00000e+00,0.00000e+00,0.00000e+00,0.00000e+00,0.00000e+00,0.00000e+00,-5.96565e-25,-2.52815e-24,-4.92219e-24,-4.86351e-24,3.51129e-24,2.21182e-23,2.27487e-23,-1.73840e-11,-9.52692e-11,-4.07016e-10,-1.42233e-09,-4.29656e-09,-1.14438e-08,-2.75085e-08,-6.06983e-08,-1.24647e-07,-2.40645e-07,-4.40637e-07,-5.05051e-06,-3.01058e-05,-1.17503e-04,-3.39380e-04,-7.85979e-04,-1.54407e-03,-2.67863e-03,-4.22426e-03,-6.18545e-03,-8.54218e-03,-1.12573e-02,-1.42833e-02,-1.75684e-02,-2.10603e-02,-2.47093e-02,-2.84692e-02
 401836.00,6456917.00,0.00000e+00,0.00000e+00,0.00000e+00,0.00000e+00,0.00000e+00,0.00000e+00,0.00000e+00,0.00000e+00,0.00000e+00,-6.17989e-26,-7.56355e-25,-1.82708e-24,-2.73672e-24,-1.47770e-24,4.37565e-24,1.36435e-23,7.53683e-24,-1.31559e-22,-1.05594e-21,-6.49600e-21,-3.51518e-20,-1.68339e-19,-7.18452e-19,-2.76368e-18,-9.69581e-18,-3.13564e-17,-9.43520e-17,-1.01140e-14,-4.12319e-13,-8.57723e-12,-1.04796e-10,-8.36797e-10,-4.77618e-09,-2.09091e-08,-7.40440e-08,-2.20758e-07,-5.71310e-07,-1.31430e-06,-2.73905e-06,-5.25058e-06,-9.37370e-06,-1.74531e-05,-2.80526e-05
 400540.00,6459345.00,0.00000e+00,0.00000e+00,0.00000e+00,0.00000e+00,0.00000e+00,0.00000e+00,0.00000e+00,0.00000e+00,0.00000e+00,0.00000e+00,0.00000e+00,0.00000e+00,0.00000e+00,0.00000e+00,0.00000e+00,0.00000e+00,0.00000e+00,0.00000e+00,0.00000e+00,0.00000e+00,0.00000e+00,0.00000e+00,0.00000e+00,0.00000e+00,0.00000e+00,0.00000e+00,0.00000e+00,0.00000e+00,0.00000e+00,0.00000e+00,0.00000e+00,0.00000e+00,0.00000e+00,0.00000e+00,0.00000e+00,0.00000e+00,0.00000e+00,0.00000e+00,0.00000e+00,0.00000e+00,0.00000e+00,-2.80171e-08,-5.75192e-08
 403380.00,6413170.00,0.00000e+00,0.00000e+00,0.00000e+00,0.00000e+00,0.00000e+00,0.00000e+00,0.00000e+00,0.00000e+00,0.00000e+00,0.00000e+00,0.00000e+00,0.00000e+00,0.00000e+00,0.00000e+00,0.00000e+00,0.00000e+00,0.00000e+00,0.00000e+00,0.00000e+00,0.00000e+00,0.00000e+00,0.00000e+00,0.00000e+00,0.00000e+00,0.00000e+00,0.00000e+00,0.00000e+00,0.00000e+00,0.00000e+00,0.00000e+00,0.00000e+00,0.00000e+00,0.00000e+00,0.00000e+00,0.00000e+00,0.00000e+00,0.00000e+00,0.00000e+00,0.00000e+00,0.00000e+00,0.00000e+00,-3.97257e-24,-1.24732e-07
 402723.00,6418028.00,0.00000e+00,0.00000e+00,0.00000e+00,0.00000e+00,0.00000e+00,0.00000e+00,0.00000e+00,0.00000e+00,0.00000e+00,0.00000e+00,0.00000e+00,0.00000e+00,0.00000e+00,0.00000e+00,0.00000e+00,0.00000e+00,7.07731e-20,-6.72092e-19,-7.41987e-18,-7.09148e-17,-5.42421e-16,-3.28924e-15,-1.63386e-14,-6.87954e-14,-2.52216e-13,-8.22050e-13,-2.42180e-12,-1.76088e-10,-3.78829e-09,-3.92451e-08,-2.50229e-07,-1.12529e-06,-3.88683e-06,-1.09378e-05,-2.61823e-05,-5.50723e-05,-1.04351e-04,-1.81569e-04,-2.94506e-04,-4.50608e-04,-6.56524e-04,-9.17780e-04,-1.23914e-03
 404519.00,6450722.00,2.85703e-30,-3.09469e-29,-6.60289e-24,-3.02860e-19,-2.08301e-16,-1.75355e-14,-4.45771e-13,-5.37070e-12,-3.93491e-11,-3.52677e-10,-1.47240e-09,-5.13626e-09,-1.52266e-08,-3.98967e-08,-9.48791e-08,-2.09163e-07,-4.34124e-07,-9.04995e-07,-1.80980e-06,-3.43581e-06,-6.25985e-06,-1.09343e-05,-1.83691e-05,-2.96942e-05,-4.62818e-05,-6.98637e-05,-1.02293e-04,-4.79802e-04,-1.47167e-03,-3.40918e-03,-6.45820e-03,-1.05739e-02,-1.55722e-02,-2.12152e-02,-2.72666e-02,-3.35203e-02,-3.98093e-02,-4.60056e-02,-5.20155e-02,-5.77739e-02,-6.32381e-02,-6.83837e-02,-7.31968e-02
 404525.00,6450723.00,2.76955e-30,-2.89245e-29,-6.19814e-24,-2.87210e-19,-1.98673e-16,-1.67857e-14,-4.27773e-13,-5.16316e-12,-3.78804e-11,-3.45202e-10,-1.44310e-09,-5.04097e-09,-1.49599e-08,-3.92319e-08,-9.33583e-08,-2.05883e-07,-4.27338e-07,-8.91485e-07,-1.78387e-06,-3.38791e-06,-6.17505e-06,-1.07904e-05,-1.81349e-05,-2.93275e-05,-4.57281e-05,-6.90548e-05,-1.01146e-04,-4.75176e-04,-1.45923e-03,-3.38365e-03,-6.41507e-03,-1.05105e-02,-1.54876e-02,-2.11099e-02,-2.71423e-02,-3.33789e-02,-3.96531e-02,-4.58369e-02,-5.18365e-02,-5.75865e-02,-6.30443e-02,-6.81803e-02,-7.29892e-02
 403679.00,6452595.00,0.00000e+00,0.00000e+00,0.00000e+00,0.00000e+00,0.00000e+00,0.00000e+00,0.00000e+00,0.00000e+00,0.00000e+00,-1.37133e-15,-1.48871e-14,-1.12151e-13,-6.20825e-13,-2.76397e-12,-1.03939e-11,-3.40582e-11,-9.94369e-11,-2.65703e-10,-6.57509e-10,-1.52837e-09,-3.37824e-09,-7.15433e-09,-1.45826e-08,-2.86713e-08,-5.44343e-08,-9.98700e-08,-1.77197e-07,-1.97305e-06,-1.19498e-05,-4.75251e-05,-1.40793e-04,-3.35922e-04,-6.80171e-04,-1.21383e-03,-1.96369e-03,-2.94104e-03,-4.14306e-03,-5.55584e-03,-7.15781e-03,-8.92296e-03,-1.08233e-02,-1.28311e-02,-1.49192e-02
 400629.00,6455556.00,0.00000e+00,0.00000e+00,0.00000e+00,0.00000e+00,0.00000e+00,0.00000e+00,0.00000e+00,0.00000e+00,0.00000e+00,-5.78740e-23,4.68373e-23,2.79007e-22,6.33668e-22,5.48053e-22,-1.91788e-21,-1.73968e-20,-1.18175e-19,-7.27833e-19,-3.92685e-18,-1.83980e-17,-7.58617e-17,-2.79951e-16,-9.38240e-16,-2.89089e-15,-8.27388e-15,-2.21914e-14,-5.62052e-14,-3.01665e-12,-7.22133e-11,-9.46166e-10,-7.71533e-09,-4.35383e-08,-1.84740e-07,-6.26684e-07,-1.77774e-06,-4.36170e-06,-9.49876e-06,-1.87393e-05,-3.40384e-05,-5.76767e-05,-9.21429e-05,-1.39995e-04,-2.03743e-04
 401647.00,6458973.00,0.00000e+00,0.00000e+00,0.00000e+00,0.00000e+00,0.00000e+00,0.00000e+00,0.00000e+00,0.00000e+00,0.00000e+00,0.00000e+00,0.00000e+00,0.00000e+00,0.00000e+00,0.00000e+00,0.00000e+00,0.00000e+00,0.00000e+00,0.00000e+00,0.00000e+00,0.00000e+00,0.00000e+00,0.00000e+00,0.00000e+00,0.00000e+00,0.00000e+00,0.00000e+00,0.00000e+00,0.00000e+00,0.00000e+00,0.00000e+00,0.00000e+00,0.00000e+00,0.00000e+00,0.00000e+00,0.00000e+00,0.00000e+00,0.00000e+00,0.00000e+00,0.00000e+00,0.00000e+00,0.00000e+00,-8.70151e-08,-1.70691e-07
 397995.00,6440418.00,0.00000e+00,0.00000e+00,0.00000e+00,0.00000e+00,0.00000e+00,0.00000e+00,0.00000e+00,0.00000e+00,0.00000e+00,-4.00877e-14,-3.72539e-13,-2.34297e-12,-1.13709e-11,-4.55040e-11,-1.55865e-10,-4.69210e-10,-1.26716e-09,-3.12075e-09,-7.10137e-09,-1.50896e-08,-3.02013e-08,-5.73470e-08,-1.03932e-07,-1.80706e-07,-3.02757e-07,-4.90641e-07,-7.71653e-07,-5.18358e-06,-2.25416e-05,-7.29258e-05,-1.89887e-04,-4.18246e-04,-8.06765e-04,-1.39860e-03,-2.22364e-03,-3.29522e-03,-4.61074e-03,-6.15479e-03,-7.90308e-03,-9.82614e-03,-1.18924e-02,-1.40704e-02,-1.63308e-02
 399918.00,6439245.00,0.00000e+00,0.00000e+00,0.00000e+00,0.00000e+00,0.00000e+00,0.00000e+00,0.00000e+00,0.00000e+00,0.00000e+00,-1.59463e-13,-1.28528e-12,-7.44912e-12,-3.40088e-11,-1.29208e-10,-4.22477e-10,-1.21954e-09,-3.17100e-09,-7.54536e-09,-1.66381e-08,-3.43458e-08,-6.69262e-08,-1.23957e-07,-2.19488e-07,-3.73378e-07,-6.12771e-07,-9.73693e-07,-1.50270e-06,-9.24096e-06,-3.68843e-05,-1.09787e-04,-2.64928e-04,-5.46627e-04,-9.99478e-04,-1.66080e-03,-2.55509e-03,-3.69182e-03,-5.06632e-03,-6.66257e-03,-8.45672e-03,-1.04204e-02,-1.25235e-02,-1.47361e-02,-1.70313e-02
 399254.00,6436341.00,0.00000e+00,0.00000e+00,0.00000e+00,0.00000e+00,0.00000e+00,0.00000e+00,0.00000e+00,0.00000e+00,0.00000e+00,2.01935e-21,6.26286e-21,8.45070e-21,-7.89196e-21,-1.28357e-19,-1.02524e-18,-7.34423e-18,-9.36879e-17,-7.39054e-16,-6.28116e-15,-4.11556e-14,-2.14887e-13,-9.32919e-13,-3.47669e-12,-1.13821e-11,-3.33545e-11,-8.88756e-11,-2.18170e-10,-7.83439e-09,-1.03895e-07,-7.52368e-07,-3.61198e-06,-1.28412e-05,-3.63568e-05,-8.63270e-05,-1.78580e-04,-3.31159e-04,-5.62543e-04,-8.89995e-04,-1.32831e-03,-1.88907e-03,-2.58031e-03,-3.40655e-03,-4.36922e-03
 401273.00,6433479.00,0.00000e+00,0.00000e+00,0.00000e+00,0.00000e+00,0.00000e+00,0.00000e+00,0.00000e+00,0.00000e+00,0.00000e+00,6.98612e-26,1.64076e-26,-1.33175e-25,-4.68386e-25,-7.69119e-25,-4.53041e-25,1.12198e-24,-7.25585e-09,-2.64242e-08,-8.07185e-08,-2.07870e-07,-4.90542e-07,-1.04578e-06,-2.06215e-06,-3.81069e-06,-6.69395e-06,-1.12046e-05,-1.80249e-05,-1.24671e-04,-5.12093e-04,-1.47695e-03,-3.31571e-03,-6.21791e-03,-1.02280e-02,-1.52676e-02,-2.11814e-02,-2.77801e-02,-3.48706e-02,-4.22744e-02,-4.98363e-02,-5.74273e-02,-6.49438e-02,-7.23066e-02,-7.94466e-02
 401941.00,6441047.00,5.09151e-25,-1.77811e-20,-6.55046e-15,-4.62809e-12,-2.62081e-10,-4.20255e-09,-3.27798e-08,-1.62837e-07,-5.96984e-07,-1.99753e-06,-5.08217e-06,-1.15026e-05,-2.33714e-05,-4.36987e-05,-7.63236e-05,-1.25871e-04,-1.97734e-04,-2.97920e-04,-4.32707e-04,-6.08852e-04,-8.32966e-04,-1.11162e-03,-1.45084e-03,-1.85633e-03,-2.33315e-03,-2.88584e-03,-3.51800e-03,-7.95130e-03,-1.45321e-02,-2.30469e-02,-3.30837e-02,-4.41153e-02,-5.55953e-02,-6.70496e-02,-7.81205e-02,-8.85671e-02,-9.82473e-02,-1.07093e-01,-1.15087e-01,-1.22247e-01,-1.28612e-01,-1.34237e-01,-1.39175e-01
 400532.00,6437558.00,0.00000e+00,0.00000e+00,0.00000e+00,0.00000e+00,0.00000e+00,0.00000e+00,0.00000e+00,0.00000e+00,0.00000e+00,-6.04248e-18,-3.16578e-17,-3.20133e-16,-2.71779e-15,-1.75153e-14,-9.01955e-14,-3.88335e-13,-1.44298e-12,-4.73647e-12,-1.39846e-11,-3.76854e-11,-9.37954e-11,-2.17735e-10,-4.75287e-10,-9.82290e-10,-1.93333e-09,-3.64179e-09,-6.59368e-09,-7.94733e-08,-5.32321e-07,-2.38895e-06,-8.05803e-06,-2.20174e-05,-5.12716e-05,-1.05431e-04,-1.96363e-04,-3.37473e-04,-5.42744e-04,-8.25730e-04,-1.19866e-03,-1.67178e-03,-2.25292e-03,-2.94741e-03,-3.75825e-03
 400427.00,6444366.00,-1.19630e-10,-6.18337e-07,-1.51437e-05,-9.40222e-05,-3.30121e-04,-8.53599e-04,-1.81359e-03,-3.35539e-03,-5.60561e-03,-8.66568e-03,-1.26199e-02,-1.75283e-02,-2.34204e-02,-3.04373e-02,-3.91219e-02,-5.00864e-02,-6.35750e-02,-7.97186e-02,-9.88421e-02,-1.20970e-01,-1.45832e-01,-1.72839e-01,-2.01213e-01,-2.30426e-01,-2.60133e-01,-2.90074e-01,-3.20059e-01,-4.62306e-01,-5.56245e-01,-6.00032e-01,-6.15878e-01,-6.17027e-01,-6.10298e-01,-5.99285e-01,-5.85973e-01,-5.71503e-01,-5.56557e-01,-5.41548e-01,-5.26730e-01,-5.12258e-01,-4.98224e-01,-4.84667e-01,-4.71635e-01
 403343.00,6456633.00,0.00000e+00,0.00000e+00,0.00000e+00,0.00000e+00,0.00000e+00,0.00000e+00,0.00000e+00,0.00000e+00,0.00000e+00,-1.06724e-24,-3.52649e-24,-6.35809e-24,-5.80216e-24,4.58350e-24,2.64986e-23,3.24671e-23,-1.50562e-22,-1.61217e-21,-1.07367e-20,-6.13221e-20,-3.07279e-19,-1.36113e-18,-5.39635e-18,-1.93996e-17,-6.39883e-17,-1.95639e-16,-5.59367e-16,-4.94196e-14,-1.76520e-12,-3.27477e-11,-3.59758e-10,-2.60969e-09,-1.36843e-08,-5.56069e-08,-1.84409e-07,-5.18754e-07,-1.27485e-06,-2.80056e-06,-5.60059e-06,-1.03466e-05,-1.78693e-05,-3.05904e-05,-4.76988e-05
 400615.00,6453286.00,0.00000e+00,0.00000e+00,0.00000e+00,0.00000e+00,0.00000e+00,0.00000e+00,0.00000e+00,0.00000e+00,0.00000e+00,-5.66118e-18,-1.19000e-17,-6.59147e-17,-5.76009e-16,-3.99468e-15,-2.15895e-14,-9.63298e-14,-3.69268e-13,-1.24882e-12,-3.79778e-12,-1.05502e-11,-2.71342e-11,-6.53564e-11,-1.48856e-10,-3.23088e-10,-6.72250e-10,-1.34679e-09,-2.60621e-09,-4.49275e-08,-4.11647e-07,-2.34020e-06,-9.37937e-06,-2.89886e-05,-7.34215e-05,-1.59116e-04,-3.04700e-04,-5.28424e-04,-8.45885e-04,-1.26853e-03,-1.80303e-03,-2.45138e-03,-3.21143e-03,-4.07773e-03,-5.04231e-03
 399313.00,6430480.00,0.00000e+00,0.00000e+00,0.00000e+00,0.00000e+00,0.00000e+00,0.00000e+00,0.00000e+00,-3.42919e-06,-4.01572e-04,-2.56039e-03,-7.55149e-03,-1.56741e-02,-2.66360e-02,-4.12538e-02,-6.00689e-02,-8.25022e-02,-1.08829e-01,-1.42939e-01,-1.85396e-01,-2.33331e-01,-2.84215e-01,-3.36575e-01,-3.88790e-01,-4.39783e-01,-4.88888e-01,-5.35852e-01,-5.80241e-01,-7.52137e-01,-8.49794e-01,-8.99712e-01,-9.21195e-01,-9.25775e-01,-9.20210e-01,-9.08533e-01,-8.93211e-01,-8.75784e-01,-8.57231e-01,-8.38183e-01,-8.19050e-01,-8.00102e-01,-7.81502e-01,-7.63346e-01,-7.45658e-01
 404252.00,6448589.00,2.28573e-20,-7.84678e-14,-1.67513e-10,-9.46705e-09,-1.23917e-07,-7.76140e-07,-3.17043e-06,-9.82563e-06,-2.50865e-05,-5.58201e-05,-1.13191e-04,-2.23088e-04,-4.35127e-04,-8.22557e-04,-1.47314e-03,-2.47785e-03,-3.92283e-03,-5.88091e-03,-8.40240e-03,-1.15194e-02,-1.52500e-02,-1.96023e-02,-2.45850e-02,-3.02108e-02,-3.64941e-02,-4.34468e-02,-5.10643e-02,-9.60632e-02,-1.42413e-01,-1.82752e-01,-2.15629e-01,-2.41587e-01,-2.61665e-01,-2.76917e-01,-2.88271e-01,-2.96497e-01,-3.02222e-01,-3.05950e-01,-3.08083e-01,-3.08942e-01,-3.08786e-01,-3.07846e-01,-3.06222e-01
 401340.00,6449379.00,-6.17059e-25,-1.54213e-19,-1.81387e-14,-7.69557e-12,-3.34441e-10,-4.59895e-09,-3.25680e-08,-1.51633e-07,-5.30890e-07,-1.64236e-06,-4.07885e-06,-9.07120e-06,-1.84951e-05,-3.57292e-05,-6.65406e-05,-1.19892e-04,-2.08373e-04,-3.48121e-04,-5.58316e-04,-8.60534e-04,-1.27751e-03,-1.83248e-03,-2.54822e-03,-3.44693e-03,-4.55009e-03,-5.87853e-03,-7.45219e-03,-1.95291e-02,-3.85003e-02,-6.18882e-02,-8.65561e-02,-1.10215e-01,-1.31632e-01,-1.50337e-01,-1.66297e-01,-1.79697e-01,-1.90806e-01,-1.99914e-01,-2.07297e-01,-2.13207e-01,-2.17862e-01,-2.21462e-01,-2.24154e-01
 403476.00,6448119.00,-5.16051e-14,-9.75901e-09,-7.70140e-07,-8.30256e-06,-3.98961e-05,-1.27113e-04,-3.15822e-04,-6.62388e-04,-1.23221e-03,-2.29608e-03,-4.59796e-03,-9.00250e-03,-1.60746e-02,-2.60522e-02,-3.89254e-02,-5.45899e-02,-7.25878e-02,-9.23574e-02,-1.13742e-01,-1.36503e-01,-1.60639e-01,-1.86452e-01,-2.14031e-01,-2.43345e-01,-2.74244e-01,-3.05646e-01,-3.35454e-01,-4.44232e-01,-5.02777e-01,-5.33491e-01,-5.47741e-01,-5.51856e-01,-5.49633e-01,-5.43428e-01,-5.34733e-01,-5.24515e-01,-5.13413e-01,-5.01852e-01,-4.90119e-01,-4.78406e-01,-4.66844e-01,-4.55569e-01,-4.44492e-01
